dataset,protocol,seed,model,accuracy,precision,sensitivity,specificity,f1,roc_auc,orig_accuracy,orig_precision,orig_sensitivity,orig_specificity,orig_f1,orig_roc_auc,n_test,n_test_orig,test_pos_rate,test_pos_rate_orig
pima,L4,1000,LogisticRegression,0.8,0.7951807228915663,0.7857142857142857,0.8131868131868132,0.7904191616766467,0.891156462585034,0.8333333333333334,0.6792452830188679,0.8780487804878049,0.8131868131868132,0.7659574468085106,0.9190565532028947,175,132,0.48,0.3106060606060606
pima,L4,1000,DecisionTree,0.8057142857142857,0.7906976744186046,0.8095238095238095,0.8021978021978022,0.8,0.8667582417582418,0.8106060606060606,0.6538461538461539,0.8292682926829268,0.8021978021978022,0.7311827956989247,0.8630393996247654,175,132,0.48,0.3106060606060606
pima,L4,1000,RandomForest,0.88,0.8247422680412371,0.9523809523809523,0.8131868131868132,0.8839779005524862,0.9569597069597069,0.8484848484848485,0.6909090909090909,0.926829268292683,0.8131868131868132,0.7916666666666666,0.9439828464218708,175,132,0.48,0.3106060606060606
pima,L4,1000,SVM,0.8514285714285714,0.8222222222222222,0.8809523809523809,0.8241758241758241,0.8505747126436781,0.9383830455259027,0.8484848484848485,0.6981132075471698,0.9024390243902439,0.8241758241758241,0.7872340425531915,0.9447869203966766,175,132,0.48,0.3106060606060606
pima,L4,1000,XGBoost,0.8971428571428571,0.8666666666666667,0.9285714285714286,0.8681318681318682,0.896551724137931,0.9603610675039247,0.8863636363636364,0.76,0.926829268292683,0.8681318681318682,0.8351648351648352,0.9504154382203163,175,132,0.48,0.3106060606060606
pima,L4,1000,NeuralNetwork,0.8685714285714285,0.8426966292134831,0.8928571428571429,0.8461538461538461,0.8670520231213873,0.9289638932496076,0.8560606060606061,0.72,0.8780487804878049,0.8461538461538461,0.7912087912087912,0.9297775395336371,175,132,0.48,0.3106060606060606
pima,L4,1000,Voting(RF+XGB),0.8971428571428571,0.8586956521739131,0.9404761904761905,0.8571428571428571,0.8977272727272727,0.9599686028257457,0.8787878787878788,0.7450980392156863,0.926829268292683,0.8571428571428571,0.8260869565217391,0.9496113642455106,175,132,0.48,0.3106060606060606
pima,L4,1000,Stacking(RF+XGB->LR),0.8914285714285715,0.8571428571428571,0.9285714285714286,0.8571428571428571,0.8914285714285715,0.9593144950287807,0.8712121212121212,0.74,0.9024390243902439,0.8571428571428571,0.8131868131868132,0.948807290270705,175,132,0.48,0.3106060606060606
pima,L4,1001,LogisticRegression,0.76,0.7625,0.7261904761904762,0.7912087912087912,0.7439024390243902,0.8685243328100472,0.781021897810219,0.6481481481481481,0.7608695652173914,0.7912087912087912,0.7,0.8709985666507406,175,137,0.48,0.3357664233576642
pima,L4,1001,DecisionTree,0.7257142857142858,0.7045454545454546,0.7380952380952381,0.7142857142857143,0.7209302325581395,0.8119440083725799,0.6934306569343066,0.5357142857142857,0.6521739130434783,0.7142857142857143,0.5882352941176471,0.7747252747252749,175,137,0.48,0.3357664233576642
pima,L4,1001,RandomForest,0.8342857142857143,0.8021978021978022,0.8690476190476191,0.8021978021978022,0.8342857142857143,0.901883830455259,0.8029197080291971,0.6727272727272727,0.8043478260869565,0.8021978021978022,0.7326732673267327,0.8714763497372194,175,137,0.48,0.3357664233576642
pima,L4,1001,SVM,0.8171428571428572,0.7888888888888889,0.8452380952380952,0.7912087912087912,0.8160919540229885,0.8826530612244897,0.7956204379562044,0.6607142857142857,0.8043478260869565,0.7912087912087912,0.7254901960784313,0.8609651218346871,175,137,0.48,0.3357664233576642
pima,L4,1001,XGBoost,0.7828571428571428,0.7613636363636364,0.7976190476190477,0.7692307692307693,0.7790697674418605,0.891548927263213,0.7445255474452555,0.6037735849056604,0.6956521739130435,0.7692307692307693,0.6464646464646465,0.862876254180602,175,137,0.48,0.3357664233576642
pima,L4,1001,NeuralNetwork,0.84,0.8111111111111111,0.8690476190476191,0.8131868131868132,0.8390804597701149,0.8787284144427002,0.8029197080291971,0.6792452830188679,0.782608695652174,0.8131868131868132,0.7272727272727273,0.8494983277591973,175,137,0.48,0.3357664233576642
pima,L4,1001,Voting(RF+XGB),0.8,0.7692307692307693,0.8333333333333334,0.7692307692307693,0.8,0.8961276818419676,0.7664233576642335,0.625,0.7608695652173914,0.7692307692307693,0.6862745098039216,0.86359292881032,175,137,0.48,0.3357664233576642
pima,L4,1001,Stacking(RF+XGB->LR),0.8171428571428572,0.7888888888888889,0.8452380952380952,0.7912087912087912,0.8160919540229885,0.8984824699110413,0.781021897810219,0.6481481481481481,0.7608695652173914,0.7912087912087912,0.7,0.8669374104156713,175,137,0.48,0.3357664233576642
pima,L4,1002,LogisticRegression,0.7028571428571428,0.7051282051282052,0.6547619047619048,0.7472527472527473,0.6790123456790124,0.8257456828885399,0.7037037037037037,0.54,0.6136363636363636,0.7472527472527473,0.574468085106383,0.7934565434565435,175,135,0.48,0.32592592592592595
pima,L4,1002,DecisionTree,0.7714285714285715,0.7340425531914894,0.8214285714285714,0.7252747252747253,0.7752808988764045,0.837519623233909,0.7333333333333333,0.5689655172413793,0.75,0.7252747252747253,0.6470588235294118,0.7978271728271727,175,135,0.48,0.32592592592592595
pima,L4,1002,RandomForest,0.8057142857142857,0.7659574468085106,0.8571428571428571,0.7582417582417582,0.8089887640449438,0.8942961800104657,0.762962962962963,0.6071428571428571,0.7727272727272727,0.7582417582417582,0.68,0.8553946053946054,175,135,0.48,0.32592592592592595
pima,L4,1002,SVM,0.7885714285714286,0.7640449438202247,0.8095238095238095,0.7692307692307693,0.7861271676300579,0.8526949241234956,0.7481481481481481,0.5961538461538461,0.7045454545454546,0.7692307692307693,0.6458333333333334,0.8221778221778222,175,135,0.48,0.32592592592592595
pima,L4,1002,XGBoost,0.8114285714285714,0.7741935483870968,0.8571428571428571,0.7692307692307693,0.8135593220338984,0.8897174254317112,0.7777777777777778,0.625,0.7954545454545454,0.7692307692307693,0.7,0.8553946053946054,175,135,0.48,0.32592592592592595
pima,L4,1002,NeuralNetwork,0.7942857142857143,0.7727272727272727,0.8095238095238095,0.7802197802197802,0.7906976744186046,0.8549188906331764,0.7555555555555555,0.6078431372549019,0.7045454545454546,0.7802197802197802,0.6526315789473685,0.8164335664335665,175,135,0.48,0.32592592592592595
pima,L4,1002,Voting(RF+XGB),0.8057142857142857,0.7659574468085106,0.8571428571428571,0.7582417582417582,0.8089887640449438,0.8940345368916798,0.762962962962963,0.6071428571428571,0.7727272727272727,0.7582417582417582,0.68,0.8561438561438561,175,135,0.48,0.32592592592592595
pima,L4,1002,Stacking(RF+XGB->LR),0.8057142857142857,0.7777777777777778,0.8333333333333334,0.7802197802197802,0.8045977011494253,0.8948194662480378,0.7703703703703704,0.6226415094339622,0.75,0.7802197802197802,0.6804123711340206,0.8568931068931069,175,135,0.48,0.32592592592592595
pima,L4,1003,LogisticRegression,0.7885714285714286,0.8405797101449275,0.6904761904761905,0.8791208791208791,0.7581699346405228,0.8699633699633699,0.8106060606060606,0.7105263157894737,0.6585365853658537,0.8791208791208791,0.6835443037974683,0.8394532296971321,175,132,0.48,0.3106060606060606
pima,L4,1003,DecisionTree,0.7542857142857143,0.7411764705882353,0.75,0.7582417582417582,0.7455621301775148,0.8311093668236524,0.7196969696969697,0.5416666666666666,0.6341463414634146,0.7582417582417582,0.5842696629213483,0.7741892254087376,175,132,0.48,0.3106060606060606
pima,L4,1003,RandomForest,0.8171428571428572,0.8023255813953488,0.8214285714285714,0.8131868131868132,0.8117647058823529,0.9063317634746206,0.7651515151515151,0.6136363636363636,0.6585365853658537,0.8131868131868132,0.6352941176470588,0.8367729831144466,175,132,0.48,0.3106060606060606
pima,L4,1003,SVM,0.8114285714285714,0.7931034482758621,0.8214285714285714,0.8021978021978022,0.8070175438596491,0.8897174254317112,0.7727272727272727,0.6170212765957447,0.7073170731707317,0.8021978021978022,0.6590909090909091,0.8397212543554007,175,132,0.48,0.3106060606060606
pima,L4,1003,XGBoost,0.8057142857142857,0.7976190476190477,0.7976190476190477,0.8131868131868132,0.7976190476190477,0.8813448456305599,0.75,0.5952380952380952,0.6097560975609756,0.8131868131868132,0.6024096385542169,0.8166711337443044,175,132,0.48,0.3106060606060606
pima,L4,1003,NeuralNetwork,0.84,0.8255813953488372,0.8452380952380952,0.8351648351648352,0.8352941176470589,0.9008372579801152,0.7878787878787878,0.6511627906976745,0.6829268292682927,0.8351648351648352,0.6666666666666666,0.8493701420530689,175,132,0.48,0.3106060606060606
pima,L4,1003,Voting(RF+XGB),0.8171428571428572,0.8095238095238095,0.8095238095238095,0.8241758241758241,0.8095238095238095,0.8991365777080063,0.7651515151515151,0.6190476190476191,0.6341463414634146,0.8241758241758241,0.6265060240963856,0.8308764406325382,175,132,0.48,0.3106060606060606
pima,L4,1003,Stacking(RF+XGB->LR),0.8171428571428572,0.8095238095238095,0.8095238095238095,0.8241758241758241,0.8095238095238095,0.9017530088958662,0.7651515151515151,0.6190476190476191,0.6341463414634146,0.8241758241758241,0.6265060240963856,0.8324845885821496,175,132,0.48,0.3106060606060606
pima,L4,1004,LogisticRegression,0.7485714285714286,0.7631578947368421,0.6904761904761905,0.8021978021978022,0.725,0.8746729461015175,0.7887323943661971,0.6842105263157895,0.7647058823529411,0.8021978021978022,0.7222222222222222,0.8817065287653523,175,142,0.48,0.3591549295774648
pima,L4,1004,DecisionTree,0.7771428571428571,0.7647058823529411,0.7738095238095238,0.7802197802197802,0.7692307692307693,0.8267268445839875,0.7605633802816901,0.6491228070175439,0.7254901960784313,0.7802197802197802,0.6851851851851852,0.7967032967032968,175,142,0.48,0.3591549295774648
pima,L4,1004,RandomForest,0.8228571428571428,0.8117647058823529,0.8214285714285714,0.8241758241758241,0.8165680473372781,0.9209837781266353,0.8028169014084507,0.7090909090909091,0.7647058823529411,0.8241758241758241,0.7358490566037735,0.905192846369317,175,142,0.48,0.3591549295774648
pima,L4,1004,SVM,0.8057142857142857,0.7840909090909091,0.8214285714285714,0.7912087912087912,0.8023255813953488,0.8619832548403977,0.795774647887324,0.6833333333333333,0.803921568627451,0.7912087912087912,0.7387387387387387,0.8597285067873304,175,142,0.48,0.3591549295774648
pima,L4,1004,XGBoost,0.8114285714285714,0.8072289156626506,0.7976190476190477,0.8241758241758241,0.8023952095808383,0.8963893249607535,0.7887323943661971,0.6981132075471698,0.7254901960784313,0.8241758241758241,0.7115384615384616,0.8713639301874595,175,142,0.48,0.3591549295774648
pima,L4,1004,NeuralNetwork,0.8285714285714286,0.8375,0.7976190476190477,0.8571428571428571,0.8170731707317073,0.8725798011512298,0.8169014084507042,0.7450980392156863,0.7450980392156863,0.8571428571428571,0.7450980392156863,0.8504632622279681,175,142,0.48,0.3591549295774648
pima,L4,1004,Voting(RF+XGB),0.8228571428571428,0.8192771084337349,0.8095238095238095,0.8351648351648352,0.8143712574850299,0.9154892726321298,0.8028169014084507,0.7169811320754716,0.7450980392156863,0.8351648351648352,0.7307692307692307,0.8950657185951303,175,142,0.48,0.3591549295774648
pima,L4,1004,Stacking(RF+XGB->LR),0.8228571428571428,0.8192771084337349,0.8095238095238095,0.8351648351648352,0.8143712574850299,0.9191522762951334,0.8028169014084507,0.7169811320754716,0.7450980392156863,0.8351648351648352,0.7307692307692307,0.9013143719026071,175,142,0.48,0.3591549295774648
pima,L4,1005,LogisticRegression,0.7771428571428571,0.8,0.7142857142857143,0.8351648351648352,0.7547169811320755,0.8857927786499216,0.7786259541984732,0.6341463414634146,0.65,0.8351648351648352,0.6419753086419753,0.8590659340659341,175,131,0.48,0.3053435114503817
pima,L4,1005,DecisionTree,0.8,0.8266666666666667,0.7380952380952381,0.8571428571428571,0.779874213836478,0.8744113029827315,0.7938931297709924,0.6666666666666666,0.65,0.8571428571428571,0.6582278481012658,0.8353021978021978,175,131,0.48,0.3053435114503817
pima,L4,1005,RandomForest,0.8514285714285714,0.8222222222222222,0.8809523809523809,0.8241758241758241,0.8505747126436781,0.9262166405023549,0.816793893129771,0.6666666666666666,0.8,0.8241758241758241,0.7272727272727273,0.8760989010989011,175,131,0.48,0.3053435114503817
pima,L4,1005,SVM,0.8342857142857143,0.8021978021978022,0.8690476190476191,0.8021978021978022,0.8342857142857143,0.8897174254317112,0.8015267175572519,0.64,0.8,0.8021978021978022,0.7111111111111111,0.8568681318681318,175,131,0.48,0.3053435114503817
pima,L4,1005,XGBoost,0.84,0.7978723404255319,0.8928571428571429,0.7912087912087912,0.8426966292134831,0.9131344845630559,0.7938931297709924,0.6274509803921569,0.8,0.7912087912087912,0.7032967032967034,0.8659340659340659,175,131,0.48,0.3053435114503817
pima,L4,1005,NeuralNetwork,0.8,0.7634408602150538,0.8452380952380952,0.7582417582417582,0.8022598870056498,0.8676085818942962,0.7786259541984732,0.6,0.825,0.7582417582417582,0.6947368421052632,0.8302197802197802,175,131,0.48,0.3053435114503817
pima,L4,1005,Voting(RF+XGB),0.84,0.7978723404255319,0.8928571428571429,0.7912087912087912,0.8426966292134831,0.9213762428048143,0.7938931297709924,0.6274509803921569,0.8,0.7912087912087912,0.7032967032967034,0.8725274725274724,175,131,0.48,0.3053435114503817
pima,L4,1005,Stacking(RF+XGB->LR),0.8571428571428571,0.8241758241758241,0.8928571428571429,0.8241758241758241,0.8571428571428571,0.924908424908425,0.816793893129771,0.6666666666666666,0.8,0.8241758241758241,0.7272727272727273,0.8752747252747253,175,131,0.48,0.3053435114503817
pima,L4,1006,LogisticRegression,0.7371428571428571,0.7209302325581395,0.7380952380952381,0.7362637362637363,0.7294117647058823,0.8069073783359497,0.7364341085271318,0.5384615384615384,0.7368421052631579,0.7362637362637363,0.6222222222222222,0.78368999421631,175,129,0.48,0.29457364341085274
pima,L4,1006,DecisionTree,0.7314285714285714,0.7126436781609196,0.7380952380952381,0.7252747252747253,0.7251461988304093,0.7956567242281527,0.6976744186046512,0.4897959183673469,0.631578947368421,0.7252747252747253,0.5517241379310345,0.7275882012724117,175,129,0.48,0.29457364341085274
pima,L4,1006,RandomForest,0.8057142857142857,0.7777777777777778,0.8333333333333334,0.7802197802197802,0.8045977011494253,0.8848770277341705,0.7674418604651163,0.5833333333333334,0.7368421052631579,0.7802197802197802,0.6511627906976745,0.8218623481781377,175,129,0.48,0.29457364341085274
pima,L4,1006,SVM,0.7885714285714286,0.7526881720430108,0.8333333333333334,0.7472527472527473,0.7909604519774012,0.843995290423862,0.751937984496124,0.5576923076923077,0.7631578947368421,0.7472527472527473,0.6444444444444445,0.8084152689415847,175,129,0.48,0.29457364341085274
pima,L4,1006,XGBoost,0.7657142857142857,0.7216494845360825,0.8333333333333334,0.7032967032967034,0.7734806629834254,0.8524332810047097,0.7209302325581395,0.5178571428571429,0.7631578947368421,0.7032967032967034,0.6170212765957447,0.7886061307113938,175,129,0.48,0.29457364341085274
pima,L4,1006,NeuralNetwork,0.7885714285714286,0.7764705882352941,0.7857142857142857,0.7912087912087912,0.7810650887573964,0.8618524332810047,0.7674418604651163,0.5869565217391305,0.7105263157894737,0.7912087912087912,0.6428571428571429,0.8247541931752459,175,129,0.48,0.29457364341085274
pima,L4,1006,Voting(RF+XGB),0.7828571428571428,0.7395833333333334,0.8452380952380952,0.7252747252747253,0.7888888888888889,0.8789900575614861,0.7286821705426356,0.5283018867924528,0.7368421052631579,0.7252747252747253,0.6153846153846154,0.8178137651821862,175,129,0.48,0.29457364341085274
pima,L4,1006,Stacking(RF+XGB->LR),0.7828571428571428,0.7395833333333334,0.8452380952380952,0.7252747252747253,0.7888888888888889,0.8838304552590267,0.7286821705426356,0.5283018867924528,0.7368421052631579,0.7252747252747253,0.6153846153846154,0.8238866396761134,175,129,0.48,0.29457364341085274
pima,L4,1007,LogisticRegression,0.7885714285714286,0.8051948051948052,0.7380952380952381,0.8351648351648352,0.7701863354037267,0.8830455259026687,0.8029197080291971,0.6938775510204082,0.7391304347826086,0.8351648351648352,0.7157894736842105,0.8745819397993311,175,137,0.48,0.3357664233576642
pima,L4,1007,DecisionTree,0.8114285714285714,0.8148148148148148,0.7857142857142857,0.8351648351648352,0.8,0.8536760858189429,0.7883211678832117,0.6808510638297872,0.6956521739130435,0.8351648351648352,0.6881720430107527,0.8244147157190636,175,137,0.48,0.3357664233576642
pima,L4,1007,RandomForest,0.84,0.8255813953488372,0.8452380952380952,0.8351648351648352,0.8352941176470589,0.9385138670852957,0.8029197080291971,0.6938775510204082,0.7391304347826086,0.8351648351648352,0.7157894736842105,0.903010033444816,175,137,0.48,0.3357664233576642
pima,L4,1007,SVM,0.8285714285714286,0.8,0.8571428571428571,0.8021978021978022,0.8275862068965517,0.9145735217163788,0.8102189781021898,0.6785714285714286,0.8260869565217391,0.8021978021978022,0.7450980392156863,0.8936932632584806,175,137,0.48,0.3357664233576642
pima,L4,1007,XGBoost,0.8342857142857143,0.8160919540229885,0.8452380952380952,0.8241758241758241,0.8304093567251462,0.9203296703296703,0.7956204379562044,0.68,0.7391304347826086,0.8241758241758241,0.7083333333333334,0.888198757763975,175,137,0.48,0.3357664233576642
pima,L4,1007,NeuralNetwork,0.8285714285714286,0.813953488372093,0.8333333333333334,0.8241758241758241,0.8235294117647058,0.9067242281527996,0.8029197080291971,0.6862745098039216,0.7608695652173914,0.8241758241758241,0.7216494845360825,0.8805542283803154,175,137,0.48,0.3357664233576642
pima,L4,1007,Voting(RF+XGB),0.8342857142857143,0.8160919540229885,0.8452380952380952,0.8241758241758241,0.8304093567251462,0.9357666143380429,0.7956204379562044,0.68,0.7391304347826086,0.8241758241758241,0.7083333333333334,0.9032489249880554,175,137,0.48,0.3357664233576642
pima,L4,1007,Stacking(RF+XGB->LR),0.8342857142857143,0.8235294117647058,0.8333333333333334,0.8351648351648352,0.8284023668639053,0.9365515436944007,0.7956204379562044,0.6875,0.717391304347826,0.8351648351648352,0.7021276595744681,0.9015766841853798,175,137,0.48,0.3357664233576642
pima,L4,1008,LogisticRegression,0.7371428571428571,0.7261904761904762,0.7261904761904762,0.7472527472527473,0.7261904761904762,0.8296703296703297,0.7164179104477612,0.5490196078431373,0.6511627906976745,0.7472527472527473,0.5957446808510638,0.7940199335548173,175,134,0.48,0.3208955223880597
pima,L4,1008,DecisionTree,0.7657142857142857,0.7311827956989247,0.8095238095238095,0.7252747252747253,0.768361581920904,0.7808084772370487,0.7238805970149254,0.5535714285714286,0.7209302325581395,0.7252747252747253,0.6262626262626263,0.7482749808331204,175,134,0.48,0.3208955223880597
pima,L4,1008,RandomForest,0.7771428571428571,0.7647058823529411,0.7738095238095238,0.7802197802197802,0.7692307692307693,0.8850078492935636,0.753731343283582,0.6,0.6976744186046512,0.7802197802197802,0.6451612903225806,0.839509327881421,175,134,0.48,0.3208955223880597
pima,L4,1008,SVM,0.7771428571428571,0.7472527472527473,0.8095238095238095,0.7472527472527473,0.7771428571428571,0.8598901098901098,0.746268656716418,0.5818181818181818,0.7441860465116279,0.7472527472527473,0.6530612244897959,0.8269869665218502,175,134,0.48,0.3208955223880597
pima,L4,1008,XGBoost,0.8,0.7692307692307693,0.8333333333333334,0.7692307692307693,0.8,0.8758503401360545,0.7611940298507462,0.6037735849056604,0.7441860465116279,0.7692307692307693,0.6666666666666666,0.8333759263991822,175,134,0.48,0.3208955223880597
pima,L4,1008,NeuralNetwork,0.8342857142857143,0.8021978021978022,0.8690476190476191,0.8021978021978022,0.8342857142857143,0.8897174254317112,0.8059701492537313,0.660377358490566,0.813953488372093,0.8021978021978022,0.7291666666666666,0.8535650396115513,175,134,0.48,0.3208955223880597
pima,L4,1008,Voting(RF+XGB),0.7885714285714286,0.7640449438202247,0.8095238095238095,0.7692307692307693,0.7861271676300579,0.8877551020408164,0.753731343283582,0.5961538461538461,0.7209302325581395,0.7692307692307693,0.6526315789473685,0.8425760286225402,175,134,0.48,0.3208955223880597
pima,L4,1008,Stacking(RF+XGB->LR),0.7942857142857143,0.7790697674418605,0.7976190476190477,0.7912087912087912,0.788235294117647,0.8888016745159603,0.7686567164179104,0.62,0.7209302325581395,0.7912087912087912,0.6666666666666666,0.8420649118323538,175,134,0.48,0.3208955223880597
pima,L4,1009,LogisticRegression,0.7028571428571428,0.7,0.6666666666666666,0.7362637362637363,0.6829268292682927,0.8103087388801674,0.7235772357723578,0.4782608695652174,0.6875,0.7362637362637363,0.5641025641025641,0.8028846153846154,175,123,0.48,0.2601626016260163
pima,L4,1009,DecisionTree,0.7942857142857143,0.7790697674418605,0.7976190476190477,0.7912087912087912,0.788235294117647,0.8148874934589221,0.7804878048780488,0.5581395348837209,0.75,0.7912087912087912,0.64,0.7731799450549451,175,123,0.48,0.2601626016260163
pima,L4,1009,RandomForest,0.7885714285714286,0.7422680412371134,0.8571428571428571,0.7252747252747253,0.7955801104972375,0.8876242804814233,0.7235772357723578,0.4791666666666667,0.71875,0.7252747252747253,0.575,0.8118131868131868,175,123,0.48,0.2601626016260163
pima,L4,1009,SVM,0.7942857142857143,0.7553191489361702,0.8452380952380952,0.7472527472527473,0.797752808988764,0.868524332810047,0.7317073170731707,0.4888888888888889,0.6875,0.7472527472527473,0.5714285714285714,0.804945054945055,175,123,0.48,0.2601626016260163
pima,L4,1009,XGBoost,0.8,0.7752808988764045,0.8214285714285714,0.7802197802197802,0.7976878612716763,0.8741496598639455,0.7479674796747967,0.5121951219512195,0.65625,0.7802197802197802,0.5753424657534246,0.7898351648351649,175,123,0.48,0.2601626016260163
pima,L4,1009,NeuralNetwork,0.8057142857142857,0.7717391304347826,0.8452380952380952,0.7692307692307693,0.8068181818181818,0.8652537938252224,0.7642276422764228,0.5333333333333333,0.75,0.7692307692307693,0.6233766233766234,0.8080357142857143,175,123,0.48,0.2601626016260163
pima,L4,1009,Voting(RF+XGB),0.8,0.7634408602150538,0.8452380952380952,0.7582417582417582,0.8022598870056498,0.8843537414965986,0.7398373983739838,0.5,0.6875,0.7582417582417582,0.5789473684210527,0.8021978021978022,175,123,0.48,0.2601626016260163
pima,L4,1009,Stacking(RF+XGB->LR),0.8057142857142857,0.7659574468085106,0.8571428571428571,0.7582417582417582,0.8089887640449438,0.8880167451596022,0.7479674796747967,0.5111111111111111,0.71875,0.7582417582417582,0.5974025974025974,0.8100961538461539,175,123,0.48,0.2601626016260163
pima,L4,1010,LogisticRegression,0.8228571428571428,0.8441558441558441,0.7738095238095238,0.8681318681318682,0.8074534161490683,0.9186289900575616,0.8273381294964028,0.75,0.75,0.8681318681318682,0.75,0.9027014652014651,175,139,0.48,0.34532374100719426
pima,L4,1010,DecisionTree,0.7542857142857143,0.759493670886076,0.7142857142857143,0.7912087912087912,0.7361963190184049,0.831828885400314,0.7553956834532374,0.6346153846153846,0.6875,0.7912087912087912,0.66,0.80746336996337,175,139,0.48,0.34532374100719426
pima,L4,1010,RandomForest,0.8914285714285715,0.891566265060241,0.8809523809523809,0.9010989010989011,0.8862275449101796,0.9517268445839875,0.8633093525179856,0.8085106382978723,0.7916666666666666,0.9010989010989011,0.8,0.9226190476190476,175,139,0.48,0.34532374100719426
pima,L4,1010,SVM,0.8571428571428571,0.8470588235294118,0.8571428571428571,0.8571428571428571,0.8520710059171598,0.9194793301936159,0.8345323741007195,0.7450980392156863,0.7916666666666666,0.8571428571428571,0.7676767676767676,0.8911401098901099,175,139,0.48,0.34532374100719426
pima,L4,1010,XGBoost,0.8342857142857143,0.8313253012048193,0.8214285714285714,0.8461538461538461,0.8263473053892215,0.9256933542647828,0.8129496402877698,0.72,0.75,0.8461538461538461,0.7346938775510204,0.8862179487179488,175,139,0.48,0.34532374100719426
pima,L4,1010,NeuralNetwork,0.8514285714285714,0.8625,0.8214285714285714,0.8791208791208791,0.8414634146341463,0.9344583987441131,0.8273381294964028,0.7608695652173914,0.7291666666666666,0.8791208791208791,0.7446808510638298,0.907967032967033,175,139,0.48,0.34532374100719426
pima,L4,1010,Voting(RF+XGB),0.8514285714285714,0.8536585365853658,0.8333333333333334,0.8681318681318682,0.8433734939759037,0.9403453689167974,0.8345323741007195,0.7551020408163265,0.7708333333333334,0.8681318681318682,0.7628865979381443,0.9072802197802197,175,139,0.48,0.34532374100719426
pima,L4,1010,Stacking(RF+XGB->LR),0.8685714285714285,0.8860759493670886,0.8333333333333334,0.9010989010989011,0.8588957055214724,0.9459706959706959,0.8561151079136691,0.8043478260869565,0.7708333333333334,0.9010989010989011,0.7872340425531915,0.9157509157509157,175,139,0.48,0.34532374100719426
pima,L4,1011,LogisticRegression,0.7657142857142857,0.7792207792207793,0.7142857142857143,0.8131868131868132,0.7453416149068323,0.8813448456305599,0.7894736842105263,0.6458333333333334,0.7380952380952381,0.8131868131868132,0.6888888888888889,0.8793825222396651,175,133,0.48,0.3157894736842105
pima,L4,1011,DecisionTree,0.76,0.7560975609756098,0.7380952380952381,0.7802197802197802,0.7469879518072289,0.7827053898482471,0.7518796992481203,0.5918367346938775,0.6904761904761905,0.7802197802197802,0.6373626373626373,0.749607535321821,175,133,0.48,0.3157894736842105
pima,L4,1011,RandomForest,0.8285714285714286,0.8,0.8571428571428571,0.8021978021978022,0.8275862068965517,0.9177132391418106,0.8045112781954887,0.6538461538461539,0.8095238095238095,0.8021978021978022,0.723404255319149,0.8880167451596023,175,133,0.48,0.3157894736842105
pima,L4,1011,SVM,0.8057142857142857,0.7840909090909091,0.8214285714285714,0.7912087912087912,0.8023255813953488,0.8848770277341707,0.7894736842105263,0.6346153846153846,0.7857142857142857,0.7912087912087912,0.7021276595744681,0.8621140763997907,175,133,0.48,0.3157894736842105
pima,L4,1011,XGBoost,0.8057142857142857,0.7906976744186046,0.8095238095238095,0.8021978021978022,0.8,0.8948194662480378,0.7744360902255639,0.625,0.7142857142857143,0.8021978021978022,0.6666666666666666,0.8589743589743589,175,133,0.48,0.3157894736842105
pima,L4,1011,NeuralNetwork,0.8057142857142857,0.7906976744186046,0.8095238095238095,0.8021978021978022,0.8,0.8889324960753532,0.7894736842105263,0.64,0.7619047619047619,0.8021978021978022,0.6956521739130435,0.8694400837257981,175,133,0.48,0.3157894736842105
pima,L4,1011,Voting(RF+XGB),0.8114285714285714,0.7865168539325843,0.8333333333333334,0.7912087912087912,0.8092485549132948,0.9075091575091575,0.7744360902255639,0.62,0.7380952380952381,0.7912087912087912,0.6739130434782609,0.8757195185766614,175,133,0.48,0.3157894736842105
pima,L4,1011,Stacking(RF+XGB->LR),0.8057142857142857,0.7777777777777778,0.8333333333333334,0.7802197802197802,0.8045977011494253,0.9120879120879121,0.7669172932330827,0.6078431372549019,0.7380952380952381,0.7802197802197802,0.6666666666666666,0.880690737833595,175,133,0.48,0.3157894736842105
pima,L4,1012,LogisticRegression,0.72,0.7215189873417721,0.6785714285714286,0.7582417582417582,0.6993865030674846,0.8240450026164312,0.7352941176470589,0.5849056603773585,0.6888888888888889,0.7582417582417582,0.6326530612244898,0.8083028083028082,175,136,0.48,0.33088235294117646
pima,L4,1012,DecisionTree,0.7485714285714286,0.7564102564102564,0.7023809523809523,0.7912087912087912,0.7283950617283951,0.820447409733124,0.75,0.6122448979591837,0.6666666666666666,0.7912087912087912,0.6382978723404256,0.7947496947496947,175,136,0.48,0.33088235294117646
pima,L4,1012,RandomForest,0.7771428571428571,0.7472527472527473,0.8095238095238095,0.7472527472527473,0.7771428571428571,0.890502354788069,0.7426470588235294,0.5892857142857143,0.7333333333333333,0.7472527472527473,0.6534653465346535,0.8642246642246642,175,136,0.48,0.33088235294117646
pima,L4,1012,SVM,0.8057142857142857,0.7906976744186046,0.8095238095238095,0.8021978021978022,0.8,0.8640763997906855,0.7941176470588235,0.660377358490566,0.7777777777777778,0.8021978021978022,0.7142857142857143,0.8493284493284493,175,136,0.48,0.33088235294117646
pima,L4,1012,XGBoost,0.7828571428571428,0.75,0.8214285714285714,0.7472527472527473,0.7840909090909091,0.8575353218210361,0.7573529411764706,0.603448275862069,0.7777777777777778,0.7472527472527473,0.6796116504854369,0.8380952380952381,175,136,0.48,0.33088235294117646
pima,L4,1012,NeuralNetwork,0.7657142857142857,0.7362637362637363,0.7976190476190477,0.7362637362637363,0.7657142857142857,0.8486394557823129,0.7426470588235294,0.5862068965517241,0.7555555555555555,0.7362637362637363,0.6601941747572816,0.8139194139194139,175,136,0.48,0.33088235294117646
pima,L4,1012,Voting(RF+XGB),0.8057142857142857,0.7659574468085106,0.8571428571428571,0.7582417582417582,0.8089887640449438,0.8795133437990581,0.7794117647058824,0.6271186440677966,0.8222222222222222,0.7582417582417582,0.7115384615384616,0.8573870573870574,175,136,0.48,0.33088235294117646
pima,L4,1012,Stacking(RF+XGB->LR),0.7828571428571428,0.7555555555555555,0.8095238095238095,0.7582417582417582,0.7816091954022989,0.8829147043432757,0.75,0.6,0.7333333333333333,0.7582417582417582,0.66,0.8573870573870574,175,136,0.48,0.33088235294117646
pima,L4,1013,LogisticRegression,0.7714285714285715,0.7972972972972973,0.7023809523809523,0.8351648351648352,0.7468354430379747,0.8694400837257981,0.7737226277372263,0.6666666666666666,0.6521739130434783,0.8351648351648352,0.6593406593406593,0.8585762064022934,175,137,0.48,0.3357664233576642
pima,L4,1013,DecisionTree,0.7542857142857143,0.735632183908046,0.7619047619047619,0.7472527472527473,0.7485380116959064,0.815803244374673,0.7153284671532847,0.5660377358490566,0.6521739130434783,0.7472527472527473,0.6060606060606061,0.7594362159579551,175,137,0.48,0.3357664233576642
pima,L4,1013,RandomForest,0.84,0.8111111111111111,0.8690476190476191,0.8131868131868132,0.8390804597701149,0.9313186813186813,0.8175182481751825,0.6909090909090909,0.8260869565217391,0.8131868131868132,0.7524752475247525,0.9061156235069279,175,137,0.48,0.3357664233576642
pima,L4,1013,SVM,0.8114285714285714,0.8072289156626506,0.7976190476190477,0.8241758241758241,0.8023952095808383,0.8895866038723181,0.7956204379562044,0.68,0.7391304347826086,0.8241758241758241,0.7083333333333334,0.8695652173913043,175,137,0.48,0.3357664233576642
pima,L4,1013,XGBoost,0.84,0.8255813953488372,0.8452380952380952,0.8351648351648352,0.8352941176470589,0.9010989010989011,0.8175182481751825,0.7058823529411765,0.782608695652174,0.8351648351648352,0.7422680412371134,0.8745819397993311,175,137,0.48,0.3357664233576642
pima,L4,1013,NeuralNetwork,0.8228571428571428,0.7849462365591398,0.8690476190476191,0.7802197802197802,0.8248587570621468,0.8939037153322867,0.781021897810219,0.6428571428571429,0.782608695652174,0.7802197802197802,0.7058823529411765,0.8569039655996178,175,137,0.48,0.3357664233576642
pima,L4,1013,Voting(RF+XGB),0.8342857142857143,0.8089887640449438,0.8571428571428571,0.8131868131868132,0.8323699421965318,0.9212454212454213,0.8029197080291971,0.6792452830188679,0.782608695652174,0.8131868131868132,0.7272727272727273,0.8951266125179169,175,137,0.48,0.3357664233576642
pima,L4,1013,Stacking(RF+XGB->LR),0.8342857142857143,0.8160919540229885,0.8452380952380952,0.8241758241758241,0.8304093567251462,0.9259549973835688,0.8102189781021898,0.6923076923076923,0.782608695652174,0.8241758241758241,0.7346938775510204,0.899665551839465,175,137,0.48,0.3357664233576642
pima,L4,1014,LogisticRegression,0.7542857142857143,0.7530864197530864,0.7261904761904762,0.7802197802197802,0.7393939393939394,0.8383045525902668,0.7761194029850746,0.6226415094339622,0.7674418604651163,0.7802197802197802,0.6875,0.8453871709685663,175,134,0.48,0.3208955223880597
pima,L4,1014,DecisionTree,0.72,0.7108433734939759,0.7023809523809523,0.7362637362637363,0.7065868263473054,0.777145473574045,0.7089552238805971,0.5384615384615384,0.6511627906976745,0.7362637362637363,0.5894736842105263,0.7357526194735498,175,134,0.48,0.3208955223880597
pima,L4,1014,RandomForest,0.8571428571428571,0.8314606741573034,0.8809523809523809,0.8351648351648352,0.8554913294797688,0.8873626373626372,0.8208955223880597,0.6938775510204082,0.7906976744186046,0.8351648351648352,0.7391304347826086,0.849731663685152,175,134,0.48,0.3208955223880597
pima,L4,1014,SVM,0.8285714285714286,0.7934782608695652,0.8690476190476191,0.7912087912087912,0.8295454545454546,0.859105180533752,0.8059701492537313,0.6545454545454545,0.8372093023255814,0.7912087912087912,0.7346938775510204,0.832353692818809,175,134,0.48,0.3208955223880597
pima,L4,1014,XGBoost,0.8342857142857143,0.8235294117647058,0.8333333333333334,0.8351648351648352,0.8284023668639053,0.8865777080062794,0.8134328358208955,0.6875,0.7674418604651163,0.8351648351648352,0.7252747252747253,0.8484538717096857,175,134,0.48,0.3208955223880597
pima,L4,1014,NeuralNetwork,0.8171428571428572,0.7888888888888889,0.8452380952380952,0.7912087912087912,0.8160919540229885,0.8456305599162741,0.8059701492537313,0.6545454545454545,0.8372093023255814,0.7912087912087912,0.7346938775510204,0.8154868387426526,175,134,0.48,0.3208955223880597
pima,L4,1014,Voting(RF+XGB),0.8514285714285714,0.8372093023255814,0.8571428571428571,0.8461538461538461,0.8470588235294118,0.8903715332286761,0.8283582089552238,0.7083333333333334,0.7906976744186046,0.8461538461538461,0.7472527472527473,0.8517761308458984,175,134,0.48,0.3208955223880597
pima,L4,1014,Stacking(RF+XGB->LR),0.8514285714285714,0.8372093023255814,0.8571428571428571,0.8461538461538461,0.8470588235294118,0.8877551020408163,0.8283582089552238,0.7083333333333334,0.7906976744186046,0.8461538461538461,0.7472527472527473,0.8504983388704319,175,134,0.48,0.3208955223880597
pima,L4,1015,LogisticRegression,0.7542857142857143,0.7733333333333333,0.6904761904761905,0.8131868131868132,0.7295597484276729,0.860020931449503,0.7841726618705036,0.6730769230769231,0.7291666666666666,0.8131868131868132,0.7,0.868131868131868,175,139,0.48,0.34532374100719426
pima,L4,1015,DecisionTree,0.7714285714285715,0.7391304347826086,0.8095238095238095,0.7362637362637363,0.7727272727272727,0.7980769230769231,0.7338129496402878,0.5932203389830508,0.7291666666666666,0.7362637362637363,0.6542056074766355,0.771978021978022,175,139,0.48,0.34532374100719426
pima,L4,1015,RandomForest,0.8457142857142858,0.8352941176470589,0.8452380952380952,0.8461538461538461,0.8402366863905325,0.8956043956043955,0.8201438848920863,0.7254901960784313,0.7708333333333334,0.8461538461538461,0.7474747474747475,0.8580586080586081,175,139,0.48,0.34532374100719426
pima,L4,1015,SVM,0.8285714285714286,0.8214285714285714,0.8214285714285714,0.8351648351648352,0.8214285714285714,0.8734955520669806,0.8129496402877698,0.7115384615384616,0.7708333333333334,0.8351648351648352,0.74,0.8486721611721612,175,139,0.48,0.34532374100719426
pima,L4,1015,XGBoost,0.8,0.810126582278481,0.7619047619047619,0.8351648351648352,0.7852760736196319,0.8767660910518053,0.7697841726618705,0.6739130434782609,0.6458333333333334,0.8351648351648352,0.6595744680851063,0.8344780219780219,175,139,0.48,0.34532374100719426
pima,L4,1015,NeuralNetwork,0.8228571428571428,0.8117647058823529,0.8214285714285714,0.8241758241758241,0.8165680473372781,0.8867085295656725,0.7913669064748201,0.6862745098039216,0.7291666666666666,0.8241758241758241,0.7070707070707071,0.8546245421245421,175,139,0.48,0.34532374100719426
pima,L4,1015,Voting(RF+XGB),0.8171428571428572,0.8170731707317073,0.7976190476190477,0.8351648351648352,0.8072289156626506,0.8882783882783882,0.7841726618705036,0.6875,0.6875,0.8351648351648352,0.6875,0.8466117216117215,175,139,0.48,0.34532374100719426
pima,L4,1015,Stacking(RF+XGB->LR),0.8285714285714286,0.8292682926829268,0.8095238095238095,0.8461538461538461,0.8192771084337349,0.891548927263213,0.7985611510791367,0.7083333333333334,0.7083333333333334,0.8461538461538461,0.7083333333333334,0.851419413919414,175,139,0.48,0.34532374100719426
pima,L4,1016,LogisticRegression,0.6914285714285714,0.7272727272727273,0.5714285714285714,0.8021978021978022,0.64,0.8184196755625327,0.7481481481481481,0.6086956521739131,0.6363636363636364,0.8021978021978022,0.6222222222222222,0.8259240759240759,175,135,0.48,0.32592592592592595
pima,L4,1016,DecisionTree,0.7657142857142857,0.7721518987341772,0.7261904761904762,0.8021978021978022,0.7484662576687117,0.8148220826792255,0.7703703703703704,0.6326530612244898,0.7045454545454546,0.8021978021978022,0.6666666666666666,0.7890859140859141,175,135,0.48,0.32592592592592595
pima,L4,1016,RandomForest,0.84,0.8333333333333334,0.8333333333333334,0.8461538461538461,0.8333333333333334,0.9043694400837259,0.8148148148148148,0.7021276595744681,0.75,0.8461538461538461,0.7252747252747253,0.8778721278721279,175,135,0.48,0.32592592592592595
pima,L4,1016,SVM,0.8171428571428572,0.8170731707317073,0.7976190476190477,0.8351648351648352,0.8072289156626506,0.8825222396650968,0.8148148148148148,0.6938775510204082,0.7727272727272727,0.8351648351648352,0.7311827956989247,0.8661338661338662,175,135,0.48,0.32592592592592595
pima,L4,1016,XGBoost,0.8057142857142857,0.7976190476190477,0.7976190476190477,0.8131868131868132,0.7976190476190477,0.8762428048142334,0.7777777777777778,0.6458333333333334,0.7045454545454546,0.8131868131868132,0.6739130434782609,0.8426573426573427,175,135,0.48,0.32592592592592595
pima,L4,1016,NeuralNetwork,0.7942857142857143,0.7857142857142857,0.7857142857142857,0.8021978021978022,0.7857142857142857,0.8546572475143903,0.7851851851851852,0.6470588235294118,0.75,0.8021978021978022,0.6947368421052632,0.8256743256743257,175,135,0.48,0.32592592592592595
pima,L4,1016,Voting(RF+XGB),0.84,0.8589743589743589,0.7976190476190477,0.8791208791208791,0.8271604938271605,0.8928571428571428,0.8222222222222222,0.7380952380952381,0.7045454545454546,0.8791208791208791,0.7209302325581395,0.8608891108891109,175,135,0.48,0.32592592592592595
pima,L4,1016,Stacking(RF+XGB->LR),0.8457142857142858,0.8607594936708861,0.8095238095238095,0.8791208791208791,0.8343558282208589,0.8974358974358975,0.8296296296296296,0.7441860465116279,0.7272727272727273,0.8791208791208791,0.735632183908046,0.8671328671328672,175,135,0.48,0.32592592592592595
pima,L4,1017,LogisticRegression,0.6857142857142857,0.704225352112676,0.5952380952380952,0.7692307692307693,0.6451612903225806,0.8061224489795918,0.7089552238805971,0.5434782608695652,0.5813953488372093,0.7692307692307693,0.5617977528089888,0.7809864554050601,175,134,0.48,0.3208955223880597
pima,L4,1017,DecisionTree,0.7142857142857143,0.7125,0.6785714285714286,0.7472527472527473,0.6951219512195121,0.7980115122972266,0.6865671641791045,0.5106382978723404,0.5581395348837209,0.7472527472527473,0.5333333333333333,0.7514694607717864,175,134,0.48,0.3208955223880597
pima,L4,1017,RandomForest,0.7657142857142857,0.7529411764705882,0.7619047619047619,0.7692307692307693,0.757396449704142,0.8857927786499215,0.7089552238805971,0.5434782608695652,0.5813953488372093,0.7692307692307693,0.5617977528089888,0.8134423715819065,175,134,0.48,0.3208955223880597
pima,L4,1017,SVM,0.8,0.8181818181818182,0.75,0.8461538461538461,0.782608695652174,0.8664311878597593,0.7761194029850746,0.6585365853658537,0.627906976744186,0.8461538461538461,0.6428571428571429,0.813953488372093,175,134,0.48,0.3208955223880597
pima,L4,1017,XGBoost,0.7828571428571428,0.7875,0.75,0.8131868131868132,0.7682926829268293,0.8774201988487704,0.7388059701492538,0.5952380952380952,0.5813953488372093,0.8131868131868132,0.5882352941176471,0.8080756452849476,175,134,0.48,0.3208955223880597
pima,L4,1017,NeuralNetwork,0.8057142857142857,0.8472222222222222,0.7261904761904762,0.8791208791208791,0.782051282051282,0.8609366823652537,0.7835820895522388,0.6944444444444444,0.5813953488372093,0.8791208791208791,0.6329113924050633,0.7950421671351904,175,134,0.48,0.3208955223880597
pima,L4,1017,Voting(RF+XGB),0.7714285714285715,0.7619047619047619,0.7619047619047619,0.7802197802197802,0.7619047619047619,0.8890633176347462,0.7238805970149254,0.5652173913043478,0.6046511627906976,0.7802197802197802,0.5842696629213483,0.8188090978788652,175,134,0.48,0.3208955223880597
pima,L4,1017,Stacking(RF+XGB->LR),0.7657142857142857,0.7654320987654321,0.7380952380952381,0.7912087912087912,0.7515151515151515,0.8873626373626374,0.7164179104477612,0.5581395348837209,0.5581395348837209,0.7912087912087912,0.5581395348837209,0.8152312803475594,175,134,0.48,0.3208955223880597
pima,L4,1018,LogisticRegression,0.7371428571428571,0.7065217391304348,0.7738095238095238,0.7032967032967034,0.7386363636363636,0.8533490319204604,0.7142857142857143,0.5344827586206896,0.7380952380952381,0.7032967032967034,0.62,0.8487702773417058,175,133,0.48,0.3157894736842105
pima,L4,1018,DecisionTree,0.7714285714285715,0.7291666666666666,0.8333333333333334,0.7142857142857143,0.7777777777777778,0.814495028780743,0.7518796992481203,0.5737704918032787,0.8333333333333334,0.7142857142857143,0.6796116504854369,0.7944793301936159,175,133,0.48,0.3157894736842105
pima,L4,1018,RandomForest,0.8342857142857143,0.7835051546391752,0.9047619047619048,0.7692307692307693,0.8397790055248618,0.9160125588697018,0.7969924812030075,0.631578947368421,0.8571428571428571,0.7692307692307693,0.7272727272727273,0.8888016745159603,175,133,0.48,0.3157894736842105
pima,L4,1018,SVM,0.7771428571428571,0.7272727272727273,0.8571428571428571,0.7032967032967034,0.7868852459016393,0.8871009942438514,0.7443609022556391,0.5645161290322581,0.8333333333333334,0.7032967032967034,0.6730769230769231,0.8704866562009419,175,133,0.48,0.3157894736842105
pima,L4,1018,XGBoost,0.8171428571428572,0.776595744680851,0.8690476190476191,0.7692307692307693,0.8202247191011236,0.8852694924123495,0.7894736842105263,0.625,0.8333333333333334,0.7692307692307693,0.7142857142857143,0.8623757195185767,175,133,0.48,0.3157894736842105
pima,L4,1018,NeuralNetwork,0.8114285714285714,0.7741935483870968,0.8571428571428571,0.7692307692307693,0.8135593220338984,0.8742804814233386,0.7894736842105263,0.625,0.8333333333333334,0.7692307692307693,0.7142857142857143,0.8558346415489272,175,133,0.48,0.3157894736842105
pima,L4,1018,Voting(RF+XGB),0.8285714285714286,0.7872340425531915,0.8809523809523809,0.7802197802197802,0.8314606741573034,0.9058084772370487,0.8045112781954887,0.6428571428571429,0.8571428571428571,0.7802197802197802,0.7346938775510204,0.8812140240711669,175,133,0.48,0.3157894736842105
pima,L4,1018,Stacking(RF+XGB->LR),0.8285714285714286,0.7934782608695652,0.8690476190476191,0.7912087912087912,0.8295454545454546,0.9115646258503401,0.7969924812030075,0.6415094339622641,0.8095238095238095,0.7912087912087912,0.7157894736842105,0.8851386708529565,175,133,0.48,0.3157894736842105
pima,L4,1019,LogisticRegression,0.7485714285714286,0.7702702702702703,0.6785714285714286,0.8131868131868132,0.7215189873417721,0.858712715855573,0.7538461538461538,0.5853658536585366,0.6153846153846154,0.8131868131868132,0.6,0.8469991546914624,175,130,0.48,0.3
pima,L4,1019,DecisionTree,0.8,0.7578947368421053,0.8571428571428571,0.7472527472527473,0.8044692737430168,0.8451726844583988,0.7692307692307693,0.5818181818181818,0.8205128205128205,0.7472527472527473,0.6808510638297872,0.8076923076923077,175,130,0.48,0.3
pima,L4,1019,RandomForest,0.8457142857142858,0.8202247191011236,0.8690476190476191,0.8241758241758241,0.8439306358381503,0.934981684981685,0.8153846153846154,0.6595744680851063,0.7948717948717948,0.8241758241758241,0.7209302325581395,0.899971823048746,175,130,0.48,0.3
pima,L4,1019,SVM,0.8342857142857143,0.8021978021978022,0.8690476190476191,0.8021978021978022,0.8342857142857143,0.8990057561486132,0.8,0.6326530612244898,0.7948717948717948,0.8021978021978022,0.7045454545454546,0.8695407156945618,175,130,0.48,0.3
pima,L4,1019,XGBoost,0.8285714285714286,0.8,0.8571428571428571,0.8021978021978022,0.8275862068965517,0.9183673469387755,0.7846153846153846,0.6170212765957447,0.7435897435897436,0.8021978021978022,0.6744186046511628,0.881375035221189,175,130,0.48,0.3
pima,L4,1019,NeuralNetwork,0.8457142857142858,0.8275862068965517,0.8571428571428571,0.8351648351648352,0.8421052631578947,0.8936420722135008,0.823076923076923,0.6739130434782609,0.7948717948717948,0.8351648351648352,0.7294117647058823,0.8577063961679346,175,130,0.48,0.3
pima,L4,1019,Voting(RF+XGB),0.84,0.8181818181818182,0.8571428571428571,0.8241758241758241,0.8372093023255814,0.9281789638932496,0.8,0.6444444444444445,0.7435897435897436,0.8241758241758241,0.6904761904761905,0.8920822766976613,175,130,0.48,0.3
pima,L4,1019,Stacking(RF+XGB->LR),0.84,0.8181818181818182,0.8571428571428571,0.8241758241758241,0.8372093023255814,0.9321036106750392,0.8076923076923077,0.6521739130434783,0.7692307692307693,0.8241758241758241,0.7058823529411765,0.8968723584108199,175,130,0.48,0.3
pima,L4,1020,LogisticRegression,0.7257142857142858,0.6956521739130435,0.7619047619047619,0.6923076923076923,0.7272727272727273,0.8250915750915752,0.7279411764705882,0.5625,0.8,0.6923076923076923,0.6605504587155964,0.83003663003663,175,136,0.48,0.33088235294117646
pima,L4,1020,DecisionTree,0.7542857142857143,0.7733333333333333,0.6904761904761905,0.8131868131868132,0.7295597484276729,0.8012166405023549,0.7426470588235294,0.6136363636363636,0.6,0.8131868131868132,0.6067415730337079,0.7376068376068377,175,136,0.48,0.33088235294117646
pima,L4,1020,RandomForest,0.8171428571428572,0.7653061224489796,0.8928571428571429,0.7472527472527473,0.8241758241758241,0.8916797488226059,0.7720588235294118,0.6166666666666667,0.8222222222222222,0.7472527472527473,0.7047619047619048,0.8588522588522588,175,136,0.48,0.33088235294117646
pima,L4,1020,SVM,0.7771428571428571,0.7184466019417476,0.8809523809523809,0.6813186813186813,0.7914438502673797,0.8670198848770276,0.7279411764705882,0.5606060606060606,0.8222222222222222,0.6813186813186813,0.6666666666666666,0.8417582417582418,175,136,0.48,0.33088235294117646
pima,L4,1020,XGBoost,0.8,0.7474747474747475,0.8809523809523809,0.7252747252747253,0.8087431693989071,0.8681318681318682,0.7647058823529411,0.6031746031746031,0.8444444444444444,0.7252747252747253,0.7037037037037037,0.8451770451770452,175,136,0.48,0.33088235294117646
pima,L4,1020,NeuralNetwork,0.8,0.7525773195876289,0.8690476190476191,0.7362637362637363,0.8066298342541437,0.8644688644688645,0.75,0.5932203389830508,0.7777777777777778,0.7362637362637363,0.6730769230769231,0.8302808302808303,175,136,0.48,0.33088235294117646
pima,L4,1020,Voting(RF+XGB),0.8228571428571428,0.7731958762886598,0.8928571428571429,0.7582417582417582,0.8287292817679558,0.8867085295656725,0.7867647058823529,0.6333333333333333,0.8444444444444444,0.7582417582417582,0.7238095238095238,0.856898656898657,175,136,0.48,0.33088235294117646
pima,L4,1020,Stacking(RF+XGB->LR),0.8171428571428572,0.7708333333333334,0.8809523809523809,0.7582417582417582,0.8222222222222222,0.8902407116692831,0.7794117647058824,0.6271186440677966,0.8222222222222222,0.7582417582417582,0.7115384615384616,0.8586080586080587,175,136,0.48,0.33088235294117646
pima,L4,1021,LogisticRegression,0.7428571428571429,0.7241379310344828,0.75,0.7362637362637363,0.7368421052631579,0.8532182103610676,0.7421875,0.5384615384615384,0.7567567567567568,0.7362637362637363,0.6292134831460674,0.8607068607068608,175,128,0.48,0.2890625
pima,L4,1021,DecisionTree,0.76,0.7019230769230769,0.8690476190476191,0.6593406593406593,0.776595744680851,0.8337257980115123,0.6953125,0.48333333333333334,0.7837837837837838,0.6593406593406593,0.5979381443298969,0.7928422928422929,175,128,0.48,0.2890625
pima,L4,1021,RandomForest,0.8228571428571428,0.7676767676767676,0.9047619047619048,0.7472527472527473,0.8306010928961749,0.9285714285714286,0.7578125,0.5576923076923077,0.7837837837837838,0.7472527472527473,0.651685393258427,0.8835758835758836,175,128,0.48,0.2890625
pima,L4,1021,SVM,0.8114285714285714,0.7741935483870968,0.8571428571428571,0.7692307692307693,0.8135593220338984,0.8903715332286761,0.765625,0.5714285714285714,0.7567567567567568,0.7692307692307693,0.6511627906976745,0.8716958716958717,175,128,0.48,0.2890625
pima,L4,1021,XGBoost,0.84,0.7978723404255319,0.8928571428571429,0.7912087912087912,0.8426966292134831,0.9258241758241759,0.7890625,0.6041666666666666,0.7837837837837838,0.7912087912087912,0.6823529411764706,0.8951588951588951,175,128,0.48,0.2890625
pima,L4,1021,NeuralNetwork,0.8171428571428572,0.8095238095238095,0.8095238095238095,0.8241758241758241,0.8095238095238095,0.891025641025641,0.796875,0.627906976744186,0.7297297297297297,0.8241758241758241,0.675,0.8610038610038611,175,128,0.48,0.2890625
pima,L4,1021,Voting(RF+XGB),0.84,0.7916666666666666,0.9047619047619048,0.7802197802197802,0.8444444444444444,0.934589220303506,0.7890625,0.6,0.8108108108108109,0.7802197802197802,0.6896551724137931,0.8981288981288982,175,128,0.48,0.2890625
pima,L4,1021,Stacking(RF+XGB->LR),0.8171428571428572,0.776595744680851,0.8690476190476191,0.7692307692307693,0.8202247191011236,0.9327577184720042,0.765625,0.5714285714285714,0.7567567567567568,0.7692307692307693,0.6511627906976745,0.891000891000891,175,128,0.48,0.2890625
pima,L4,1022,LogisticRegression,0.7257142857142858,0.7432432432432432,0.6547619047619048,0.7912087912087912,0.6962025316455697,0.8432757718472004,0.7426470588235294,0.6041666666666666,0.6444444444444445,0.7912087912087912,0.6236559139784946,0.8354090354090354,175,136,0.48,0.33088235294117646
pima,L4,1022,DecisionTree,0.7771428571428571,0.7368421052631579,0.8333333333333334,0.7252747252747253,0.7821229050279329,0.8345761381475667,0.75,0.5901639344262295,0.8,0.7252747252747253,0.6792452830188679,0.8026862026862027,175,136,0.48,0.33088235294117646
pima,L4,1022,RandomForest,0.8057142857142857,0.8048780487804879,0.7857142857142857,0.8241758241758241,0.7951807228915663,0.8813448456305599,0.7794117647058824,0.6595744680851063,0.6888888888888889,0.8241758241758241,0.6739130434782609,0.8336996336996337,175,136,0.48,0.33088235294117646
pima,L4,1022,SVM,0.7885714285714286,0.7701149425287356,0.7976190476190477,0.7802197802197802,0.783625730994152,0.8542647828362113,0.7647058823529411,0.6226415094339622,0.7333333333333333,0.7802197802197802,0.673469387755102,0.8263736263736263,175,136,0.48,0.33088235294117646
pima,L4,1022,XGBoost,0.7885714285714286,0.8133333333333334,0.7261904761904762,0.8461538461538461,0.7672955974842768,0.8754578754578756,0.7647058823529411,0.6585365853658537,0.6,0.8461538461538461,0.627906976744186,0.8300366300366301,175,136,0.48,0.33088235294117646
pima,L4,1022,NeuralNetwork,0.7942857142857143,0.7926829268292683,0.7738095238095238,0.8131868131868132,0.7831325301204819,0.8559654631083202,0.7647058823529411,0.6382978723404256,0.6666666666666666,0.8131868131868132,0.6521739130434783,0.8102564102564103,175,136,0.48,0.33088235294117646
pima,L4,1022,Voting(RF+XGB),0.8,0.8024691358024691,0.7738095238095238,0.8241758241758241,0.7878787878787878,0.8817373103087388,0.7647058823529411,0.6444444444444445,0.6444444444444445,0.8241758241758241,0.6444444444444445,0.8368742368742368,175,136,0.48,0.33088235294117646
pima,L4,1022,Stacking(RF+XGB->LR),0.8171428571428572,0.8333333333333334,0.7738095238095238,0.8571428571428571,0.8024691358024691,0.880690737833595,0.7941176470588235,0.6976744186046512,0.6666666666666666,0.8571428571428571,0.6818181818181818,0.8336996336996337,175,136,0.48,0.33088235294117646
pima,L4,1023,LogisticRegression,0.7428571428571429,0.7671232876712328,0.6666666666666666,0.8131868131868132,0.7133757961783439,0.8462846677132391,0.7410071942446043,0.6304347826086957,0.6041666666666666,0.8131868131868132,0.6170212765957447,0.8122710622710623,175,139,0.48,0.34532374100719426
pima,L4,1023,DecisionTree,0.7828571428571428,0.7555555555555555,0.8095238095238095,0.7582417582417582,0.7816091954022989,0.8246336996336997,0.7482014388489209,0.6140350877192983,0.7291666666666666,0.7582417582417582,0.6666666666666666,0.7678571428571428,175,139,0.48,0.34532374100719426
pima,L4,1023,RandomForest,0.7942857142857143,0.8,0.7619047619047619,0.8241758241758241,0.7804878048780488,0.8953427524856097,0.7553956834532374,0.6521739130434783,0.625,0.8241758241758241,0.6382978723404256,0.836996336996337,175,139,0.48,0.34532374100719426
pima,L4,1023,SVM,0.7885714285714286,0.7764705882352941,0.7857142857142857,0.7912087912087912,0.7810650887573964,0.8729722658294087,0.7553956834532374,0.6346153846153846,0.6875,0.7912087912087912,0.66,0.82257326007326,175,139,0.48,0.34532374100719426
pima,L4,1023,XGBoost,0.8057142857142857,0.7976190476190477,0.7976190476190477,0.8131868131868132,0.7976190476190477,0.8844845630559915,0.7697841726618705,0.66,0.6875,0.8131868131868132,0.673469387755102,0.826007326007326,175,139,0.48,0.34532374100719426
pima,L4,1023,NeuralNetwork,0.7828571428571428,0.8026315789473685,0.7261904761904762,0.8351648351648352,0.7625,0.8668236525379382,0.7553956834532374,0.6590909090909091,0.6041666666666666,0.8351648351648352,0.6304347826086957,0.8154761904761905,175,139,0.48,0.34532374100719426
pima,L4,1023,Voting(RF+XGB),0.8057142857142857,0.7976190476190477,0.7976190476190477,0.8131868131868132,0.7976190476190477,0.8946886446886447,0.7697841726618705,0.66,0.6875,0.8131868131868132,0.673469387755102,0.8349358974358975,175,139,0.48,0.34532374100719426
pima,L4,1023,Stacking(RF+XGB->LR),0.7942857142857143,0.7926829268292683,0.7738095238095238,0.8131868131868132,0.7831325301204819,0.8959968602825745,0.7553956834532374,0.6458333333333334,0.6458333333333334,0.8131868131868132,0.6458333333333334,0.8367673992673993,175,139,0.48,0.34532374100719426
pima,L4,1024,LogisticRegression,0.7028571428571428,0.6739130434782609,0.7380952380952381,0.6703296703296703,0.7045454545454546,0.8227367870225013,0.7265625,0.5161290322580645,0.8648648648648649,0.6703296703296703,0.6464646464646465,0.8589248589248589,175,128,0.48,0.2890625
pima,L4,1024,DecisionTree,0.8171428571428572,0.7708333333333334,0.8809523809523809,0.7582417582417582,0.8222222222222222,0.863749345892203,0.78125,0.5849056603773585,0.8378378378378378,0.7582417582417582,0.6888888888888889,0.8427383427383427,175,128,0.48,0.2890625
pima,L4,1024,RandomForest,0.84,0.7857142857142857,0.9166666666666666,0.7692307692307693,0.8461538461538461,0.9292255363683934,0.7890625,0.5961538461538461,0.8378378378378378,0.7692307692307693,0.6966292134831461,0.9002079002079002,175,128,0.48,0.2890625
pima,L4,1024,SVM,0.8171428571428572,0.7653061224489796,0.8928571428571429,0.7472527472527473,0.8241758241758241,0.890502354788069,0.7734375,0.5740740740740741,0.8378378378378378,0.7472527472527473,0.6813186813186813,0.8791208791208791,175,128,0.48,0.2890625
pima,L4,1024,XGBoost,0.8228571428571428,0.7676767676767676,0.9047619047619048,0.7472527472527473,0.8306010928961749,0.8940345368916798,0.78125,0.5818181818181818,0.8648648648648649,0.7472527472527473,0.6956521739130435,0.863973863973864,175,128,0.48,0.2890625
pima,L4,1024,NeuralNetwork,0.8057142857142857,0.7403846153846154,0.9166666666666666,0.7032967032967034,0.8191489361702128,0.8742804814233385,0.75,0.5423728813559322,0.8648648648648649,0.7032967032967034,0.6666666666666666,0.8443718443718444,175,128,0.48,0.2890625
pima,L4,1024,Voting(RF+XGB),0.84,0.7916666666666666,0.9047619047619048,0.7802197802197802,0.8444444444444444,0.9203296703296704,0.8046875,0.6153846153846154,0.8648648648648649,0.7802197802197802,0.7191011235955056,0.8904068904068905,175,128,0.48,0.2890625
pima,L4,1024,Stacking(RF+XGB->LR),0.8457142857142858,0.7938144329896907,0.9166666666666666,0.7802197802197802,0.850828729281768,0.9279173207744636,0.796875,0.6078431372549019,0.8378378378378378,0.7802197802197802,0.7045454545454546,0.9008019008019008,175,128,0.48,0.2890625
pima,L4,1025,LogisticRegression,0.7771428571428571,0.7710843373493976,0.7619047619047619,0.7912087912087912,0.7664670658682635,0.8571428571428572,0.7883211678832117,0.6545454545454545,0.782608695652174,0.7912087912087912,0.7128712871287128,0.8626373626373627,175,137,0.48,0.3357664233576642
pima,L4,1025,DecisionTree,0.7714285714285715,0.7682926829268293,0.75,0.7912087912087912,0.7590361445783133,0.8354918890633176,0.7737226277372263,0.6415094339622641,0.7391304347826086,0.7912087912087912,0.6868686868686869,0.8362398471094123,175,137,0.48,0.3357664233576642
pima,L4,1025,RandomForest,0.84,0.8181818181818182,0.8571428571428571,0.8241758241758241,0.8372093023255814,0.9203296703296704,0.8175182481751825,0.6981132075471698,0.8043478260869565,0.8241758241758241,0.7474747474747475,0.8982322025800287,175,137,0.48,0.3357664233576642
pima,L4,1025,SVM,0.84,0.8111111111111111,0.8690476190476191,0.8131868131868132,0.8390804597701149,0.8855311355311355,0.8394160583941606,0.7068965517241379,0.8913043478260869,0.8131868131868132,0.7884615384615384,0.8800764452938366,175,137,0.48,0.3357664233576642
pima,L4,1025,XGBoost,0.8285714285714286,0.8068181818181818,0.8452380952380952,0.8131868131868132,0.8255813953488372,0.9071166928309785,0.7956204379562044,0.6730769230769231,0.7608695652173914,0.8131868131868132,0.7142857142857143,0.8877209746774964,175,137,0.48,0.3357664233576642
pima,L4,1025,NeuralNetwork,0.84,0.8111111111111111,0.8690476190476191,0.8131868131868132,0.8390804597701149,0.9013605442176871,0.8248175182481752,0.6964285714285714,0.8478260869565217,0.8131868131868132,0.7647058823529411,0.8891543239369326,175,137,0.48,0.3357664233576642
pima,L4,1025,Voting(RF+XGB),0.8514285714285714,0.8372093023255814,0.8571428571428571,0.8461538461538461,0.8470588235294118,0.9164050235478807,0.8248175182481752,0.72,0.782608695652174,0.8461538461538461,0.75,0.8982322025800287,175,137,0.48,0.3357664233576642
pima,L4,1025,Stacking(RF+XGB->LR),0.8514285714285714,0.8452380952380952,0.8452380952380952,0.8571428571428571,0.8452380952380952,0.9178440607012035,0.8248175182481752,0.7291666666666666,0.7608695652173914,0.8571428571428571,0.7446808510638298,0.8982322025800287,175,137,0.48,0.3357664233576642
pima,L4,1026,LogisticRegression,0.7428571428571429,0.7349397590361446,0.7261904761904762,0.7582417582417582,0.7305389221556886,0.8129251700680271,0.7480916030534351,0.5686274509803921,0.725,0.7582417582417582,0.6373626373626373,0.8008241758241759,175,131,0.48,0.3053435114503817
pima,L4,1026,DecisionTree,0.6457142857142857,0.6341463414634146,0.6190476190476191,0.6703296703296703,0.6265060240963856,0.7464024071166928,0.6183206106870229,0.4,0.5,0.6703296703296703,0.4444444444444444,0.69739010989011,175,131,0.48,0.3053435114503817
pima,L4,1026,RandomForest,0.7942857142857143,0.7608695652173914,0.8333333333333334,0.7582417582417582,0.7954545454545454,0.8605442176870748,0.7480916030534351,0.5686274509803921,0.725,0.7582417582417582,0.6373626373626373,0.8008241758241759,175,131,0.48,0.3053435114503817
pima,L4,1026,SVM,0.7657142857142857,0.7415730337078652,0.7857142857142857,0.7472527472527473,0.7630057803468208,0.8193354264782837,0.732824427480916,0.5490196078431373,0.7,0.7472527472527473,0.6153846153846154,0.7760989010989011,175,131,0.48,0.3053435114503817
pima,L4,1026,XGBoost,0.7885714285714286,0.7764705882352941,0.7857142857142857,0.7912087912087912,0.7810650887573964,0.8298011512297225,0.7404580152671756,0.5681818181818182,0.625,0.7912087912087912,0.5952380952380952,0.7607142857142858,175,131,0.48,0.3053435114503817
pima,L4,1026,NeuralNetwork,0.7371428571428571,0.7111111111111111,0.7619047619047619,0.7142857142857143,0.735632183908046,0.826530612244898,0.6870229007633588,0.49019607843137253,0.625,0.7142857142857143,0.5494505494505495,0.7629120879120879,175,131,0.48,0.3053435114503817
pima,L4,1026,Voting(RF+XGB),0.7828571428571428,0.7613636363636364,0.7976190476190477,0.7692307692307693,0.7790697674418605,0.848639455782313,0.732824427480916,0.5531914893617021,0.65,0.7692307692307693,0.5977011494252874,0.7846153846153846,175,131,0.48,0.3053435114503817
pima,L4,1026,Stacking(RF+XGB->LR),0.8057142857142857,0.7906976744186046,0.8095238095238095,0.8021978021978022,0.8,0.8542647828362113,0.7633587786259542,0.6,0.675,0.8021978021978022,0.6352941176470588,0.7923076923076923,175,131,0.48,0.3053435114503817
pima,L4,1027,LogisticRegression,0.72,0.7536231884057971,0.6190476190476191,0.8131868131868132,0.6797385620915033,0.8248299319727891,0.7352941176470589,0.6046511627906976,0.5777777777777777,0.8131868131868132,0.5909090909090909,0.8178266178266178,175,136,0.48,0.33088235294117646
pima,L4,1027,DecisionTree,0.7257142857142858,0.7045454545454546,0.7380952380952381,0.7142857142857143,0.7209302325581395,0.788919413919414,0.7058823529411765,0.543859649122807,0.6888888888888889,0.7142857142857143,0.6078431372549019,0.7525030525030525,175,136,0.48,0.33088235294117646
pima,L4,1027,RandomForest,0.8057142857142857,0.7906976744186046,0.8095238095238095,0.8021978021978022,0.8,0.8749345892203035,0.7720588235294118,0.64,0.7111111111111111,0.8021978021978022,0.6736842105263158,0.841025641025641,175,136,0.48,0.33088235294117646
pima,L4,1027,SVM,0.7371428571428571,0.7317073170731707,0.7142857142857143,0.7582417582417582,0.7228915662650602,0.8594322344322345,0.7352941176470589,0.5849056603773585,0.6888888888888889,0.7582417582417582,0.6326530612244898,0.8459096459096459,175,136,0.48,0.33088235294117646
pima,L4,1027,XGBoost,0.7657142857142857,0.7590361445783133,0.75,0.7802197802197802,0.7544910179640718,0.8554421768707483,0.7279411764705882,0.5833333333333334,0.6222222222222222,0.7802197802197802,0.6021505376344086,0.8114774114774115,175,136,0.48,0.33088235294117646
pima,L4,1027,NeuralNetwork,0.7942857142857143,0.7926829268292683,0.7738095238095238,0.8131868131868132,0.7831325301204819,0.8628990057561486,0.7573529411764706,0.6304347826086957,0.6444444444444445,0.8131868131868132,0.6373626373626373,0.8266178266178266,175,136,0.48,0.33088235294117646
pima,L4,1027,Voting(RF+XGB),0.7542857142857143,0.7469879518072289,0.7380952380952381,0.7692307692307693,0.7425149700598802,0.8668236525379382,0.7205882352941176,0.5714285714285714,0.6222222222222222,0.7692307692307693,0.5957446808510638,0.8266178266178266,175,136,0.48,0.33088235294117646
pima,L4,1027,Stacking(RF+XGB->LR),0.7714285714285715,0.7619047619047619,0.7619047619047619,0.7802197802197802,0.7619047619047619,0.8710099424385138,0.7426470588235294,0.6,0.6666666666666666,0.7802197802197802,0.631578947368421,0.8336996336996336,175,136,0.48,0.33088235294117646
pima,L4,1028,LogisticRegression,0.7314285714285714,0.7228915662650602,0.7142857142857143,0.7472527472527473,0.718562874251497,0.8502093144950287,0.7111111111111111,0.5490196078431373,0.6363636363636364,0.7472527472527473,0.5894736842105263,0.8111888111888111,175,135,0.48,0.32592592592592595
pima,L4,1028,DecisionTree,0.7428571428571429,0.7241379310344828,0.75,0.7362637362637363,0.7368421052631579,0.7989272632129774,0.7037037037037037,0.5384615384615384,0.6363636363636364,0.7362637362637363,0.5833333333333334,0.7426323676323676,175,135,0.48,0.32592592592592595
pima,L4,1028,RandomForest,0.7885714285714286,0.7473684210526316,0.8452380952380952,0.7362637362637363,0.7932960893854749,0.8948194662480377,0.7333333333333333,0.5714285714285714,0.7272727272727273,0.7362637362637363,0.64,0.8379120879120879,175,135,0.48,0.32592592592592595
pima,L4,1028,SVM,0.7714285714285715,0.7558139534883721,0.7738095238095238,0.7692307692307693,0.7647058823529411,0.8423600209314495,0.7407407407407407,0.5882352941176471,0.6818181818181818,0.7692307692307693,0.631578947368421,0.787962037962038,175,135,0.48,0.32592592592592595
pima,L4,1028,XGBoost,0.7714285714285715,0.75,0.7857142857142857,0.7582417582417582,0.7674418604651163,0.8714024071166928,0.7333333333333333,0.5769230769230769,0.6818181818181818,0.7582417582417582,0.625,0.8101898101898103,175,135,0.48,0.32592592592592595
pima,L4,1028,NeuralNetwork,0.8171428571428572,0.8023255813953488,0.8214285714285714,0.8131868131868132,0.8117647058823529,0.8558346415489273,0.7851851851851852,0.6530612244897959,0.7272727272727273,0.8131868131868132,0.6881720430107527,0.8031968031968031,175,135,0.48,0.32592592592592595
pima,L4,1028,Voting(RF+XGB),0.7714285714285715,0.7444444444444445,0.7976190476190477,0.7472527472527473,0.7701149425287356,0.8817373103087389,0.7185185185185186,0.5576923076923077,0.6590909090909091,0.7472527472527473,0.6041666666666666,0.8231768231768232,175,135,0.48,0.32592592592592595
pima,L4,1028,Stacking(RF+XGB->LR),0.7771428571428571,0.7528089887640449,0.7976190476190477,0.7582417582417582,0.7745664739884393,0.8874934589220305,0.7333333333333333,0.5769230769230769,0.6818181818181818,0.7582417582417582,0.625,0.8289210789210789,175,135,0.48,0.32592592592592595
pima,L4,1029,LogisticRegression,0.76,0.7386363636363636,0.7738095238095238,0.7472527472527473,0.7558139534883721,0.8530873888016746,0.7518796992481203,0.5818181818181818,0.7619047619047619,0.7472527472527473,0.6597938144329897,0.8574045002616432,175,133,0.48,0.3157894736842105
pima,L4,1029,DecisionTree,0.8,0.7634408602150538,0.8452380952380952,0.7582417582417582,0.8022598870056498,0.8480507587650445,0.7669172932330827,0.6,0.7857142857142857,0.7582417582417582,0.6804123711340206,0.8214285714285714,175,133,0.48,0.3157894736842105
pima,L4,1029,RandomForest,0.8342857142857143,0.7956989247311828,0.8809523809523809,0.7912087912087912,0.8361581920903954,0.8978283621140764,0.8045112781954887,0.6481481481481481,0.8333333333333334,0.7912087912087912,0.7291666666666666,0.8626373626373627,175,133,0.48,0.3157894736842105
pima,L4,1029,SVM,0.8114285714285714,0.7628865979381443,0.8809523809523809,0.7472527472527473,0.8176795580110497,0.8597592883307169,0.7819548872180451,0.6101694915254238,0.8571428571428571,0.7472527472527473,0.7128712871287128,0.8294086865515438,175,133,0.48,0.3157894736842105
pima,L4,1029,XGBoost,0.8171428571428572,0.7653061224489796,0.8928571428571429,0.7472527472527473,0.8241758241758241,0.8791208791208791,0.7819548872180451,0.6101694915254238,0.8571428571428571,0.7472527472527473,0.7128712871287128,0.8419675562532705,175,133,0.48,0.3157894736842105
pima,L4,1029,NeuralNetwork,0.8228571428571428,0.7849462365591398,0.8690476190476191,0.7802197802197802,0.8248587570621468,0.8708791208791209,0.7969924812030075,0.6363636363636364,0.8333333333333334,0.7802197802197802,0.7216494845360825,0.8432757718472005,175,133,0.48,0.3157894736842105
pima,L4,1029,Voting(RF+XGB),0.8114285714285714,0.7628865979381443,0.8809523809523809,0.7472527472527473,0.8176795580110497,0.8923338566195709,0.7744360902255639,0.603448275862069,0.8333333333333334,0.7472527472527473,0.7,0.8547880690737834,175,133,0.48,0.3157894736842105
pima,L4,1029,Stacking(RF+XGB->LR),0.8285714285714286,0.7872340425531915,0.8809523809523809,0.7802197802197802,0.8314606741573034,0.8949502878074307,0.7969924812030075,0.6363636363636364,0.8333333333333334,0.7802197802197802,0.7216494845360825,0.8579277864992151,175,133,0.48,0.3157894736842105
pima,L4,1030,LogisticRegression,0.7257142857142858,0.7142857142857143,0.7142857142857143,0.7362637362637363,0.7142857142857143,0.8389586603872318,0.7391304347826086,0.5932203389830508,0.7446808510638298,0.7362637362637363,0.660377358490566,0.8480243161094224,175,138,0.48,0.34057971014492755
pima,L4,1030,DecisionTree,0.7714285714285715,0.7291666666666666,0.8333333333333334,0.7142857142857143,0.7777777777777778,0.8147566718995289,0.7391304347826086,0.5873015873015873,0.7872340425531915,0.7142857142857143,0.6727272727272727,0.7862988075754034,175,138,0.48,0.34057971014492755
pima,L4,1030,RandomForest,0.8114285714285714,0.7524752475247525,0.9047619047619048,0.7252747252747253,0.8216216216216217,0.9194139194139195,0.7608695652173914,0.609375,0.8297872340425532,0.7252747252747253,0.7027027027027027,0.8903436988543372,175,138,0.48,0.34057971014492755
pima,L4,1030,SVM,0.8,0.7578947368421053,0.8571428571428571,0.7472527472527473,0.8044692737430168,0.8867085295656725,0.7681159420289855,0.6229508196721312,0.8085106382978723,0.7472527472527473,0.7037037037037037,0.8758475566986205,175,138,0.48,0.34057971014492755
pima,L4,1030,XGBoost,0.7885714285714286,0.7326732673267327,0.8809523809523809,0.7032967032967034,0.8,0.890502354788069,0.7391304347826086,0.5846153846153846,0.8085106382978723,0.7032967032967034,0.6785714285714286,0.8641571194762684,175,138,0.48,0.34057971014492755
pima,L4,1030,NeuralNetwork,0.8,0.7634408602150538,0.8452380952380952,0.7582417582417582,0.8022598870056498,0.8848770277341707,0.7753623188405797,0.6333333333333333,0.8085106382978723,0.7582417582417582,0.7102803738317757,0.8700023380874444,175,138,0.48,0.34057971014492755
pima,L4,1030,Voting(RF+XGB),0.8,0.7425742574257426,0.8928571428571429,0.7142857142857143,0.8108108108108109,0.9111721611721612,0.7536231884057971,0.6,0.8297872340425532,0.7142857142857143,0.6964285714285714,0.8826280102875848,175,138,0.48,0.34057971014492755
pima,L4,1030,Stacking(RF+XGB->LR),0.8057142857142857,0.7450980392156863,0.9047619047619048,0.7142857142857143,0.8172043010752689,0.9141810570382,0.7608695652173914,0.6060606060606061,0.851063829787234,0.7142857142857143,0.7079646017699115,0.8854337152209493,175,138,0.48,0.34057971014492755
pima,L4,1031,LogisticRegression,0.7371428571428571,0.7111111111111111,0.7619047619047619,0.7142857142857143,0.735632183908046,0.836734693877551,0.725925925925926,0.559322033898305,0.75,0.7142857142857143,0.6407766990291263,0.8389110889110889,175,135,0.48,0.32592592592592595
pima,L4,1031,DecisionTree,0.7714285714285715,0.75,0.7857142857142857,0.7582417582417582,0.7674418604651163,0.8509288330716902,0.7555555555555555,0.6,0.75,0.7582417582417582,0.6666666666666666,0.8126873126873128,175,135,0.48,0.32592592592592595
pima,L4,1031,RandomForest,0.8457142857142858,0.8,0.9047619047619048,0.7912087912087912,0.8491620111731844,0.9211145996860283,0.8,0.6545454545454545,0.8181818181818182,0.7912087912087912,0.7272727272727273,0.8863636363636364,175,135,0.48,0.32592592592592595
pima,L4,1031,SVM,0.8285714285714286,0.78125,0.8928571428571429,0.7692307692307693,0.8333333333333334,0.8948194662480378,0.8,0.6440677966101694,0.8636363636363636,0.7692307692307693,0.7378640776699029,0.8768731268731269,175,135,0.48,0.32592592592592595
pima,L4,1031,XGBoost,0.8,0.788235294117647,0.7976190476190477,0.8021978021978022,0.7928994082840237,0.9055468341182626,0.7703703703703704,0.6326530612244898,0.7045454545454546,0.8021978021978022,0.6666666666666666,0.8801198801198802,175,135,0.48,0.32592592592592595
pima,L4,1031,NeuralNetwork,0.8114285714285714,0.7628865979381443,0.8809523809523809,0.7472527472527473,0.8176795580110497,0.8928571428571428,0.7777777777777778,0.6166666666666667,0.8409090909090909,0.7472527472527473,0.7115384615384616,0.8748751248751249,175,135,0.48,0.32592592592592595
pima,L4,1031,Voting(RF+XGB),0.84,0.8111111111111111,0.8690476190476191,0.8131868131868132,0.8390804597701149,0.9160125588697017,0.8,0.6666666666666666,0.7727272727272727,0.8131868131868132,0.7157894736842105,0.8853646353646354,175,135,0.48,0.32592592592592595
pima,L4,1031,Stacking(RF+XGB->LR),0.84,0.8111111111111111,0.8690476190476191,0.8131868131868132,0.8390804597701149,0.9175824175824177,0.8,0.6666666666666666,0.7727272727272727,0.8131868131868132,0.7157894736842105,0.8858641358641359,175,135,0.48,0.32592592592592595
pima,L4,1032,LogisticRegression,0.72,0.7108433734939759,0.7023809523809523,0.7362637362637363,0.7065868263473054,0.8118785975928833,0.71875,0.5102040816326531,0.6756756756756757,0.7362637362637363,0.5813953488372093,0.7926937926937927,175,128,0.48,0.2890625
pima,L4,1032,DecisionTree,0.7485714285714286,0.7272727272727273,0.7619047619047619,0.7362637362637363,0.7441860465116279,0.7884615384615385,0.703125,0.48936170212765956,0.6216216216216216,0.7362637362637363,0.5476190476190477,0.7245322245322245,175,128,0.48,0.2890625
pima,L4,1032,RandomForest,0.8114285714285714,0.7802197802197802,0.8452380952380952,0.7802197802197802,0.8114285714285714,0.8920722135007849,0.7578125,0.5652173913043478,0.7027027027027027,0.7802197802197802,0.6265060240963856,0.8381348381348381,175,128,0.48,0.2890625
pima,L4,1032,SVM,0.7942857142857143,0.7608695652173914,0.8333333333333334,0.7582417582417582,0.7954545454545454,0.8655154369440083,0.7421875,0.5416666666666666,0.7027027027027027,0.7582417582417582,0.611764705882353,0.8238788238788239,175,128,0.48,0.2890625
pima,L4,1032,XGBoost,0.7942857142857143,0.7666666666666667,0.8214285714285714,0.7692307692307693,0.7931034482758621,0.8557038199895343,0.734375,0.5333333333333333,0.6486486486486487,0.7692307692307693,0.5853658536585366,0.7912087912087912,175,128,0.48,0.2890625
pima,L4,1032,NeuralNetwork,0.7714285714285715,0.7444444444444445,0.7976190476190477,0.7472527472527473,0.7701149425287356,0.8626373626373627,0.7265625,0.5208333333333334,0.6756756756756757,0.7472527472527473,0.5882352941176471,0.8146718146718147,175,128,0.48,0.2890625
pima,L4,1032,Voting(RF+XGB),0.8114285714285714,0.7802197802197802,0.8452380952380952,0.7802197802197802,0.8114285714285714,0.8766352694924123,0.7578125,0.5652173913043478,0.7027027027027027,0.7802197802197802,0.6265060240963856,0.8164538164538165,175,128,0.48,0.2890625
pima,L4,1032,Stacking(RF+XGB->LR),0.8285714285714286,0.8068181818181818,0.8452380952380952,0.8131868131868132,0.8255813953488372,0.8830455259026687,0.78125,0.6046511627906976,0.7027027027027027,0.8131868131868132,0.65,0.825957825957826,175,128,0.48,0.2890625
pima,L4,1033,LogisticRegression,0.7085714285714285,0.6896551724137931,0.7142857142857143,0.7032967032967034,0.7017543859649122,0.8076923076923077,0.7175572519083969,0.5263157894736842,0.75,0.7032967032967034,0.6185567010309279,0.8167582417582417,175,131,0.48,0.3053435114503817
pima,L4,1033,DecisionTree,0.7428571428571429,0.7052631578947368,0.7976190476190477,0.6923076923076923,0.7486033519553073,0.8105049712192569,0.7099236641221374,0.5172413793103449,0.75,0.6923076923076923,0.6122448979591837,0.7793956043956044,175,131,0.48,0.3053435114503817
pima,L4,1033,RandomForest,0.7942857142857143,0.7448979591836735,0.8690476190476191,0.7252747252747253,0.8021978021978022,0.8961276818419676,0.732824427480916,0.5454545454545454,0.75,0.7252747252747253,0.631578947368421,0.8467032967032967,175,131,0.48,0.3053435114503817
pima,L4,1033,SVM,0.7485714285714286,0.7083333333333334,0.8095238095238095,0.6923076923076923,0.7555555555555555,0.8547880690737834,0.6946564885496184,0.5,0.7,0.6923076923076923,0.5833333333333334,0.8159340659340659,175,131,0.48,0.3053435114503817
pima,L4,1033,XGBoost,0.7828571428571428,0.73,0.8690476190476191,0.7032967032967034,0.7934782608695652,0.8821297749869178,0.7099236641221374,0.5178571428571429,0.725,0.7032967032967034,0.6041666666666666,0.8299450549450549,175,131,0.48,0.3053435114503817
pima,L4,1033,NeuralNetwork,0.7942857142857143,0.7608695652173914,0.8333333333333334,0.7582417582417582,0.7954545454545454,0.8354264782836212,0.7480916030534351,0.5686274509803921,0.725,0.7582417582417582,0.6373626373626373,0.7711538461538462,175,131,0.48,0.3053435114503817
pima,L4,1033,Voting(RF+XGB),0.8171428571428572,0.7653061224489796,0.8928571428571429,0.7472527472527473,0.8241758241758241,0.8988749345892203,0.7633587786259542,0.5818181818181818,0.8,0.7472527472527473,0.6736842105263158,0.8483516483516483,175,131,0.48,0.3053435114503817
pima,L4,1033,Stacking(RF+XGB->LR),0.8342857142857143,0.7956989247311828,0.8809523809523809,0.7912087912087912,0.8361581920903954,0.8986132914704343,0.7862595419847328,0.62,0.775,0.7912087912087912,0.6888888888888889,0.8483516483516483,175,131,0.48,0.3053435114503817
pima,L4,1034,LogisticRegression,0.7142857142857143,0.7361111111111112,0.6309523809523809,0.7912087912087912,0.6794871794871795,0.8414442700156987,0.7480314960629921,0.5476190476190477,0.6388888888888888,0.7912087912087912,0.5897435897435898,0.8269230769230769,175,127,0.48,0.28346456692913385
pima,L4,1034,DecisionTree,0.7942857142857143,0.75,0.8571428571428571,0.7362637362637363,0.8,0.852629513343799,0.7480314960629921,0.5384615384615384,0.7777777777777778,0.7362637362637363,0.6363636363636364,0.8003663003663004,175,127,0.48,0.28346456692913385
pima,L4,1034,RandomForest,0.8114285714285714,0.7741935483870968,0.8571428571428571,0.7692307692307693,0.8135593220338984,0.8997906855049712,0.7795275590551181,0.58,0.8055555555555556,0.7692307692307693,0.6744186046511628,0.8562271062271062,175,127,0.48,0.28346456692913385
pima,L4,1034,SVM,0.8,0.788235294117647,0.7976190476190477,0.8021978021978022,0.7928994082840237,0.8634222919937206,0.7795275590551181,0.5909090909090909,0.7222222222222222,0.8021978021978022,0.65,0.843101343101343,175,127,0.48,0.28346456692913385
pima,L4,1034,XGBoost,0.8171428571428572,0.8095238095238095,0.8095238095238095,0.8241758241758241,0.8095238095238095,0.8946886446886447,0.8031496062992126,0.627906976744186,0.75,0.8241758241758241,0.6835443037974683,0.8482905982905983,175,127,0.48,0.28346456692913385
pima,L4,1034,NeuralNetwork,0.7942857142857143,0.7727272727272727,0.8095238095238095,0.7802197802197802,0.7906976744186046,0.8602825745682889,0.7795275590551181,0.5833333333333334,0.7777777777777778,0.7802197802197802,0.6666666666666666,0.8311965811965812,175,127,0.48,0.28346456692913385
pima,L4,1034,Voting(RF+XGB),0.8228571428571428,0.8045977011494253,0.8333333333333334,0.8131868131868132,0.8187134502923976,0.8990057561486133,0.7952755905511811,0.6136363636363636,0.75,0.8131868131868132,0.675,0.851037851037851,175,127,0.48,0.28346456692913385
pima,L4,1034,Stacking(RF+XGB->LR),0.8,0.7692307692307693,0.8333333333333334,0.7692307692307693,0.8,0.9018838304552591,0.7637795275590551,0.5625,0.75,0.7692307692307693,0.6428571428571429,0.8568376068376068,175,127,0.48,0.28346456692913385
pima,L4,1035,LogisticRegression,0.7257142857142858,0.7093023255813954,0.7261904761904762,0.7252747252747253,0.7176470588235294,0.8418367346938775,0.7333333333333333,0.5689655172413793,0.75,0.7252747252747253,0.6470588235294118,0.8399100899100899,175,135,0.48,0.32592592592592595
pima,L4,1035,DecisionTree,0.7142857142857143,0.6808510638297872,0.7619047619047619,0.6703296703296703,0.7191011235955056,0.7854526425954997,0.6666666666666666,0.4915254237288136,0.6590909090909091,0.6703296703296703,0.5631067961165048,0.7277722277722277,175,135,0.48,0.32592592592592595
pima,L4,1035,RandomForest,0.8057142857142857,0.7976190476190477,0.7976190476190477,0.8131868131868132,0.7976190476190477,0.8830455259026688,0.762962962962963,0.6304347826086957,0.6590909090909091,0.8131868131868132,0.6444444444444445,0.8381618381618382,175,135,0.48,0.32592592592592595
pima,L4,1035,SVM,0.7771428571428571,0.7528089887640449,0.7976190476190477,0.7582417582417582,0.7745664739884393,0.8529565672422816,0.7481481481481481,0.5925925925925926,0.7272727272727273,0.7582417582417582,0.6530612244897959,0.8191808191808192,175,135,0.48,0.32592592592592595
pima,L4,1035,XGBoost,0.7828571428571428,0.7555555555555555,0.8095238095238095,0.7582417582417582,0.7816091954022989,0.8758503401360543,0.7333333333333333,0.5769230769230769,0.6818181818181818,0.7582417582417582,0.625,0.8284215784215784,175,135,0.48,0.32592592592592595
pima,L4,1035,NeuralNetwork,0.7885714285714286,0.7640449438202247,0.8095238095238095,0.7692307692307693,0.7861271676300579,0.847854526425955,0.7407407407407407,0.5882352941176471,0.6818181818181818,0.7692307692307693,0.631578947368421,0.7997002997002998,175,135,0.48,0.32592592592592595
pima,L4,1035,Voting(RF+XGB),0.8057142857142857,0.7906976744186046,0.8095238095238095,0.8021978021978022,0.8,0.881606488749346,0.7703703703703704,0.6326530612244898,0.7045454545454546,0.8021978021978022,0.6666666666666666,0.8351648351648352,175,135,0.48,0.32592592592592595
pima,L4,1035,Stacking(RF+XGB->LR),0.8057142857142857,0.7976190476190477,0.7976190476190477,0.8131868131868132,0.7976190476190477,0.8842229199372056,0.7703703703703704,0.6382978723404256,0.6818181818181818,0.8131868131868132,0.6593406593406593,0.8386613386613386,175,135,0.48,0.32592592592592595
pima,L4,1036,LogisticRegression,0.7142857142857143,0.7297297297297297,0.6428571428571429,0.7802197802197802,0.6835443037974683,0.8551805337519622,0.7426470588235294,0.6,0.6666666666666666,0.7802197802197802,0.631578947368421,0.8525030525030525,175,136,0.48,0.33088235294117646
pima,L4,1036,DecisionTree,0.72,0.7160493827160493,0.6904761904761905,0.7472527472527473,0.703030303030303,0.7846023024594453,0.6985294117647058,0.54,0.6,0.7472527472527473,0.5684210526315789,0.7336996336996338,175,136,0.48,0.33088235294117646
pima,L4,1036,RandomForest,0.8057142857142857,0.7976190476190477,0.7976190476190477,0.8131868131868132,0.7976190476190477,0.8881475667189953,0.7794117647058824,0.6530612244897959,0.7111111111111111,0.8131868131868132,0.6808510638297872,0.8490842490842491,175,136,0.48,0.33088235294117646
pima,L4,1036,SVM,0.8057142857142857,0.8048780487804879,0.7857142857142857,0.8241758241758241,0.7951807228915663,0.8826530612244898,0.8014705882352942,0.68,0.7555555555555555,0.8241758241758241,0.7157894736842105,0.8693528693528694,175,136,0.48,0.33088235294117646
pima,L4,1036,XGBoost,0.76,0.7560975609756098,0.7380952380952381,0.7802197802197802,0.7469879518072289,0.8663003663003663,0.7352941176470589,0.5918367346938775,0.6444444444444445,0.7802197802197802,0.6170212765957447,0.8266178266178266,175,136,0.48,0.33088235294117646
pima,L4,1036,NeuralNetwork,0.8171428571428572,0.8170731707317073,0.7976190476190477,0.8351648351648352,0.8072289156626506,0.8932496075353218,0.7941176470588235,0.6808510638297872,0.7111111111111111,0.8351648351648352,0.6956521739130435,0.8737484737484738,175,136,0.48,0.33088235294117646
pima,L4,1036,Voting(RF+XGB),0.7828571428571428,0.7674418604651163,0.7857142857142857,0.7802197802197802,0.7764705882352941,0.8795133437990581,0.75,0.6078431372549019,0.6888888888888889,0.7802197802197802,0.6458333333333334,0.8400488400488401,175,136,0.48,0.33088235294117646
pima,L4,1036,Stacking(RF+XGB->LR),0.7828571428571428,0.7674418604651163,0.7857142857142857,0.7802197802197802,0.7764705882352941,0.8846153846153847,0.75,0.6078431372549019,0.6888888888888889,0.7802197802197802,0.6458333333333334,0.8449328449328449,175,136,0.48,0.33088235294117646
pima,L4,1037,LogisticRegression,0.7885714285714286,0.7831325301204819,0.7738095238095238,0.8021978021978022,0.7784431137724551,0.8814756671899528,0.7910447761194029,0.6470588235294118,0.7674418604651163,0.8021978021978022,0.7021276595744681,0.8768208535650396,175,134,0.48,0.3208955223880597
pima,L4,1037,DecisionTree,0.8,0.7951807228915663,0.7857142857142857,0.8131868131868132,0.7904191616766467,0.8662349555206699,0.7761194029850746,0.6382978723404256,0.6976744186046512,0.8131868131868132,0.6666666666666666,0.8253258369537441,175,134,0.48,0.3208955223880597
pima,L4,1037,RandomForest,0.8514285714285714,0.8152173913043478,0.8928571428571429,0.8131868131868132,0.8522727272727273,0.9321036106750393,0.8134328358208955,0.6730769230769231,0.813953488372093,0.8131868131868132,0.7368421052631579,0.9031433682596473,175,134,0.48,0.3208955223880597
pima,L4,1037,SVM,0.8171428571428572,0.782608695652174,0.8571428571428571,0.7802197802197802,0.8181818181818182,0.8974358974358974,0.7761194029850746,0.6226415094339622,0.7674418604651163,0.7802197802197802,0.6875,0.873498594428827,175,134,0.48,0.3208955223880597
pima,L4,1037,XGBoost,0.8628571428571429,0.8191489361702128,0.9166666666666666,0.8131868131868132,0.8651685393258427,0.9102564102564102,0.8208955223880597,0.6792452830188679,0.8372093023255814,0.8131868131868132,0.75,0.8737541528239202,175,134,0.48,0.3208955223880597
pima,L4,1037,NeuralNetwork,0.8514285714285714,0.8295454545454546,0.8690476190476191,0.8351648351648352,0.8488372093023255,0.9211145996860283,0.8134328358208955,0.6875,0.7674418604651163,0.8351648351648352,0.7252747252747253,0.8921543572706363,175,134,0.48,0.3208955223880597
pima,L4,1037,Voting(RF+XGB),0.8514285714285714,0.8085106382978723,0.9047619047619048,0.8021978021978022,0.8539325842696629,0.9293563579277865,0.8134328358208955,0.6666666666666666,0.8372093023255814,0.8021978021978022,0.7422680412371134,0.8975210835675952,175,134,0.48,0.3208955223880597
pima,L4,1037,Stacking(RF+XGB->LR),0.8571428571428571,0.8172043010752689,0.9047619047619048,0.8131868131868132,0.8587570621468926,0.9306645735217163,0.8208955223880597,0.6792452830188679,0.8372093023255814,0.8131868131868132,0.75,0.9005877843087146,175,134,0.48,0.3208955223880597
pima,L4,1038,LogisticRegression,0.7257142857142858,0.7142857142857143,0.7142857142857143,0.7362637362637363,0.7142857142857143,0.8243066457352173,0.7304964539007093,0.6,0.72,0.7362637362637363,0.6545454545454545,0.8226373626373626,175,141,0.48,0.3546099290780142
pima,L4,1038,DecisionTree,0.7371428571428571,0.69,0.8214285714285714,0.6593406593406593,0.75,0.7612506541077969,0.7021276595744681,0.5571428571428572,0.78,0.6593406593406593,0.65,0.7429670329670329,175,141,0.48,0.3546099290780142
pima,L4,1038,RandomForest,0.8228571428571428,0.7912087912087912,0.8571428571428571,0.7912087912087912,0.8228571428571428,0.8991365777080063,0.8014184397163121,0.6833333333333333,0.82,0.7912087912087912,0.7454545454545455,0.8753846153846154,175,141,0.48,0.3546099290780142
pima,L4,1038,SVM,0.7542857142857143,0.7252747252747253,0.7857142857142857,0.7252747252747253,0.7542857142857143,0.8686551543694401,0.7446808510638298,0.609375,0.78,0.7252747252747253,0.6842105263157895,0.8578021978021978,175,141,0.48,0.3546099290780142
pima,L4,1038,XGBoost,0.8,0.7752808988764045,0.8214285714285714,0.7802197802197802,0.7976878612716763,0.8903715332286761,0.7730496453900709,0.6551724137931034,0.76,0.7802197802197802,0.7037037037037037,0.8694505494505494,175,141,0.48,0.3546099290780142
pima,L4,1038,NeuralNetwork,0.8228571428571428,0.7912087912087912,0.8571428571428571,0.7912087912087912,0.8228571428571428,0.8733647305075876,0.7943262411347518,0.6779661016949152,0.8,0.7912087912087912,0.7339449541284404,0.8593406593406593,175,141,0.48,0.3546099290780142
pima,L4,1038,Voting(RF+XGB),0.8,0.7752808988764045,0.8214285714285714,0.7802197802197802,0.7976878612716763,0.8982208267922553,0.7730496453900709,0.6551724137931034,0.76,0.7802197802197802,0.7037037037037037,0.8775824175824176,175,141,0.48,0.3546099290780142
pima,L4,1038,Stacking(RF+XGB->LR),0.8114285714285714,0.7931034482758621,0.8214285714285714,0.8021978021978022,0.8070175438596491,0.8991365777080063,0.7872340425531915,0.6785714285714286,0.76,0.8021978021978022,0.7169811320754716,0.8758241758241758,175,141,0.48,0.3546099290780142
pima,L4,1039,LogisticRegression,0.7257142857142858,0.7647058823529411,0.6190476190476191,0.8241758241758241,0.6842105263157895,0.8567503924646782,0.7338129496402878,0.627906976744186,0.5625,0.8241758241758241,0.5934065934065934,0.8413461538461539,175,139,0.48,0.34532374100719426
pima,L4,1039,DecisionTree,0.84,0.8111111111111111,0.8690476190476191,0.8131868131868132,0.8390804597701149,0.8815410779696493,0.8129496402877698,0.6964285714285714,0.8125,0.8131868131868132,0.75,0.8468406593406592,175,139,0.48,0.34532374100719426
pima,L4,1039,RandomForest,0.84,0.8181818181818182,0.8571428571428571,0.8241758241758241,0.8372093023255814,0.9161433804290947,0.8057553956834532,0.6981132075471698,0.7708333333333334,0.8241758241758241,0.7326732673267327,0.8869047619047619,175,139,0.48,0.34532374100719426
pima,L4,1039,SVM,0.84,0.8181818181818182,0.8571428571428571,0.8241758241758241,0.8372093023255814,0.9017530088958661,0.8273381294964028,0.7142857142857143,0.8333333333333334,0.8241758241758241,0.7692307692307693,0.8788919413919414,175,139,0.48,0.34532374100719426
pima,L4,1039,XGBoost,0.8285714285714286,0.8292682926829268,0.8095238095238095,0.8461538461538461,0.8192771084337349,0.9116954474097332,0.7985611510791367,0.7083333333333334,0.7083333333333334,0.8461538461538461,0.7083333333333334,0.8871336996336996,175,139,0.48,0.34532374100719426
pima,L4,1039,NeuralNetwork,0.8457142857142858,0.8518518518518519,0.8214285714285714,0.8681318681318682,0.8363636363636363,0.9200680272108843,0.841726618705036,0.76,0.7916666666666666,0.8681318681318682,0.7755102040816326,0.9033882783882784,175,139,0.48,0.34532374100719426
pima,L4,1039,Voting(RF+XGB),0.84,0.8333333333333334,0.8333333333333334,0.8461538461538461,0.8333333333333334,0.9186289900575615,0.8129496402877698,0.72,0.75,0.8461538461538461,0.7346938775510204,0.8919413919413919,175,139,0.48,0.34532374100719426
pima,L4,1039,Stacking(RF+XGB->LR),0.8571428571428571,0.8641975308641975,0.8333333333333334,0.8791208791208791,0.8484848484848485,0.9179748822605965,0.8345323741007195,0.7659574468085106,0.75,0.8791208791208791,0.7578947368421053,0.8905677655677655,175,139,0.48,0.34532374100719426
pima,L4,1040,LogisticRegression,0.7542857142857143,0.759493670886076,0.7142857142857143,0.7912087912087912,0.7361963190184049,0.8635531135531136,0.7720588235294118,0.6346153846153846,0.7333333333333333,0.7912087912087912,0.6804123711340206,0.8586080586080587,175,136,0.48,0.33088235294117646
pima,L4,1040,DecisionTree,0.7657142857142857,0.7721518987341772,0.7261904761904762,0.8021978021978022,0.7484662576687117,0.8263343799058085,0.7573529411764706,0.625,0.6666666666666666,0.8021978021978022,0.6451612903225806,0.7935286935286935,175,136,0.48,0.33088235294117646
pima,L4,1040,RandomForest,0.8514285714285714,0.8452380952380952,0.8452380952380952,0.8571428571428571,0.8452380952380952,0.9173207744636316,0.8382352941176471,0.7346938775510204,0.8,0.8571428571428571,0.7659574468085106,0.8879120879120879,175,136,0.48,0.33088235294117646
pima,L4,1040,SVM,0.8457142857142858,0.8433734939759037,0.8333333333333334,0.8571428571428571,0.8383233532934131,0.9133307169021455,0.8455882352941176,0.74,0.8222222222222222,0.8571428571428571,0.7789473684210526,0.8963369963369963,175,136,0.48,0.33088235294117646
pima,L4,1040,XGBoost,0.8514285714285714,0.8536585365853658,0.8333333333333334,0.8681318681318682,0.8433734939759037,0.9143118785975929,0.8455882352941176,0.75,0.8,0.8681318681318682,0.7741935483870968,0.891086691086691,175,136,0.48,0.33088235294117646
pima,L4,1040,NeuralNetwork,0.8342857142857143,0.8235294117647058,0.8333333333333334,0.8351648351648352,0.8284023668639053,0.902537938252224,0.8161764705882353,0.7,0.7777777777777778,0.8351648351648352,0.7368421052631579,0.8732600732600733,175,136,0.48,0.33088235294117646
pima,L4,1040,Voting(RF+XGB),0.8628571428571429,0.8571428571428571,0.8571428571428571,0.8681318681318682,0.8571428571428571,0.9208529565672423,0.8529411764705882,0.7551020408163265,0.8222222222222222,0.8681318681318682,0.7872340425531915,0.8954822954822954,175,136,0.48,0.33088235294117646
pima,L4,1040,Stacking(RF+XGB->LR),0.8571428571428571,0.8641975308641975,0.8333333333333334,0.8791208791208791,0.8484848484848485,0.9209837781266352,0.8455882352941176,0.7608695652173914,0.7777777777777778,0.8791208791208791,0.7692307692307693,0.8935286935286935,175,136,0.48,0.33088235294117646
pima,L4,1041,LogisticRegression,0.7371428571428571,0.7317073170731707,0.7142857142857143,0.7582417582417582,0.7228915662650602,0.8444531658817374,0.7293233082706767,0.56,0.6666666666666666,0.7582417582417582,0.6086956521739131,0.836734693877551,175,133,0.48,0.3157894736842105
pima,L4,1041,DecisionTree,0.7542857142857143,0.7411764705882353,0.75,0.7582417582417582,0.7455621301775148,0.8059262166405022,0.7218045112781954,0.5510204081632653,0.6428571428571429,0.7582417582417582,0.5934065934065934,0.7633437990580848,175,133,0.48,0.3157894736842105
pima,L4,1041,RandomForest,0.8057142857142857,0.7659574468085106,0.8571428571428571,0.7582417582417582,0.8089887640449438,0.9089481946624804,0.7593984962406015,0.5925925925925926,0.7619047619047619,0.7582417582417582,0.6666666666666666,0.8628990057561486,175,133,0.48,0.3157894736842105
pima,L4,1041,SVM,0.8,0.7578947368421053,0.8571428571428571,0.7472527472527473,0.8044692737430168,0.8754578754578755,0.7593984962406015,0.5892857142857143,0.7857142857142857,0.7472527472527473,0.673469387755102,0.8375196232339089,175,133,0.48,0.3157894736842105
pima,L4,1041,XGBoost,0.8,0.7634408602150538,0.8452380952380952,0.7582417582417582,0.8022598870056498,0.9090790162218734,0.7518796992481203,0.5849056603773585,0.7380952380952381,0.7582417582417582,0.6526315789473685,0.8655154369440083,175,133,0.48,0.3157894736842105
pima,L4,1041,NeuralNetwork,0.8171428571428572,0.7708333333333334,0.8809523809523809,0.7582417582417582,0.8222222222222222,0.8856619570905285,0.7744360902255639,0.6071428571428571,0.8095238095238095,0.7582417582417582,0.6938775510204082,0.8448456305599162,175,133,0.48,0.3157894736842105
pima,L4,1041,Voting(RF+XGB),0.8171428571428572,0.776595744680851,0.8690476190476191,0.7692307692307693,0.8202247191011236,0.9158817373103088,0.7669172932330827,0.6037735849056604,0.7619047619047619,0.7692307692307693,0.6736842105263158,0.8720565149136577,175,133,0.48,0.3157894736842105
pima,L4,1041,Stacking(RF+XGB->LR),0.8114285714285714,0.7741935483870968,0.8571428571428571,0.7692307692307693,0.8135593220338984,0.9144427001569859,0.7669172932330827,0.6037735849056604,0.7619047619047619,0.7692307692307693,0.6736842105263158,0.869178440607012,175,133,0.48,0.3157894736842105
pima,L4,1042,LogisticRegression,0.7657142857142857,0.8307692307692308,0.6428571428571429,0.8791208791208791,0.7248322147651006,0.8547880690737834,0.7954545454545454,0.6944444444444444,0.6097560975609756,0.8791208791208791,0.6493506493506493,0.8300723666577325,175,132,0.48,0.3106060606060606
pima,L4,1042,DecisionTree,0.7485714285714286,0.7222222222222222,0.7738095238095238,0.7252747252747253,0.7471264367816092,0.7742673992673992,0.7121212121212122,0.5283018867924528,0.6829268292682927,0.7252747252747253,0.5957446808510638,0.7150897882605199,175,132,0.48,0.3106060606060606
pima,L4,1042,RandomForest,0.8285714285714286,0.813953488372093,0.8333333333333334,0.8241758241758241,0.8235294117647058,0.8946886446886446,0.7954545454545454,0.6521739130434783,0.7317073170731707,0.8241758241758241,0.6896551724137931,0.8432055749128919,175,132,0.48,0.3106060606060606
pima,L4,1042,SVM,0.7942857142857143,0.7857142857142857,0.7857142857142857,0.8021978021978022,0.7857142857142857,0.8673469387755103,0.7803030303030303,0.625,0.7317073170731707,0.8021978021978022,0.6741573033707865,0.8281961940498527,175,132,0.48,0.3106060606060606
pima,L4,1042,XGBoost,0.8057142857142857,0.7976190476190477,0.7976190476190477,0.8131868131868132,0.7976190476190477,0.8842229199372056,0.7727272727272727,0.6222222222222222,0.6829268292682927,0.8131868131868132,0.6511627906976745,0.8287322433663896,175,132,0.48,0.3106060606060606
pima,L4,1042,NeuralNetwork,0.76,0.7625,0.7261904761904762,0.7912087912087912,0.7439024390243902,0.8605442176870748,0.7348484848484849,0.5681818181818182,0.6097560975609756,0.7912087912087912,0.5882352941176471,0.8097024926293219,175,132,0.48,0.3106060606060606
pima,L4,1042,Voting(RF+XGB),0.8057142857142857,0.8048780487804879,0.7857142857142857,0.8241758241758241,0.7951807228915663,0.8935112506541079,0.7727272727272727,0.627906976744186,0.6585365853658537,0.8241758241758241,0.6428571428571429,0.8402573036719377,175,132,0.48,0.3106060606060606
pima,L4,1042,Stacking(RF+XGB->LR),0.8114285714285714,0.8148148148148148,0.7857142857142857,0.8351648351648352,0.8,0.8963893249607536,0.7803030303030303,0.6428571428571429,0.6585365853658537,0.8351648351648352,0.6506024096385542,0.8440096488876977,175,132,0.48,0.3106060606060606
pima,L4,1043,LogisticRegression,0.7542857142857143,0.7808219178082192,0.6785714285714286,0.8241758241758241,0.7261146496815286,0.8784667713239142,0.7819548872180451,0.6444444444444445,0.6904761904761905,0.8241758241758241,0.6666666666666666,0.8888016745159603,175,133,0.48,0.3157894736842105
pima,L4,1043,DecisionTree,0.7657142857142857,0.7362637362637363,0.7976190476190477,0.7362637362637363,0.7657142857142857,0.8281658817373102,0.7443609022556391,0.5714285714285714,0.7619047619047619,0.7362637362637363,0.6530612244897959,0.8175039246467817,175,133,0.48,0.3157894736842105
pima,L4,1043,RandomForest,0.7942857142857143,0.7727272727272727,0.8095238095238095,0.7802197802197802,0.7906976744186046,0.9190214547357405,0.7593984962406015,0.6,0.7142857142857143,0.7802197802197802,0.6521739130434783,0.8901098901098901,175,133,0.48,0.3157894736842105
pima,L4,1043,SVM,0.7942857142857143,0.7790697674418605,0.7976190476190477,0.7912087912087912,0.788235294117647,0.8778126635269492,0.7669172932330827,0.6122448979591837,0.7142857142857143,0.7912087912087912,0.6593406593406593,0.8618524332810047,175,133,0.48,0.3157894736842105
pima,L4,1043,XGBoost,0.8228571428571428,0.7849462365591398,0.8690476190476191,0.7802197802197802,0.8248587570621468,0.9075091575091575,0.7744360902255639,0.6153846153846154,0.7619047619047619,0.7802197802197802,0.6808510638297872,0.8859236002093145,175,133,0.48,0.3157894736842105
pima,L4,1043,NeuralNetwork,0.8171428571428572,0.8095238095238095,0.8095238095238095,0.8241758241758241,0.8095238095238095,0.8844845630559917,0.7969924812030075,0.6595744680851063,0.7380952380952381,0.8241758241758241,0.6966292134831461,0.8555729984301413,175,133,0.48,0.3157894736842105
pima,L4,1043,Voting(RF+XGB),0.8171428571428572,0.7888888888888889,0.8452380952380952,0.7912087912087912,0.8160919540229885,0.9192830978545264,0.7744360902255639,0.62,0.7380952380952381,0.7912087912087912,0.6739130434782609,0.8942961800104657,175,133,0.48,0.3157894736842105
pima,L4,1043,Stacking(RF+XGB->LR),0.7942857142857143,0.7727272727272727,0.8095238095238095,0.7802197802197802,0.7906976744186046,0.9205913134484562,0.7593984962406015,0.6,0.7142857142857143,0.7802197802197802,0.6521739130434783,0.8937728937728937,175,133,0.48,0.3157894736842105
pima,L4,1044,LogisticRegression,0.7942857142857143,0.8076923076923077,0.75,0.8351648351648352,0.7777777777777778,0.8723181580324437,0.7751937984496124,0.6153846153846154,0.631578947368421,0.8351648351648352,0.6233766233766234,0.8296703296703297,175,129,0.48,0.29457364341085274
pima,L4,1044,DecisionTree,0.7885714285714286,0.7901234567901234,0.7619047619047619,0.8131868131868132,0.7757575757575758,0.8267268445839875,0.7596899224806202,0.5853658536585366,0.631578947368421,0.8131868131868132,0.6075949367088608,0.7510121457489879,175,129,0.48,0.29457364341085274
pima,L4,1044,RandomForest,0.84,0.8414634146341463,0.8214285714285714,0.8571428571428571,0.8313253012048193,0.9190214547357405,0.8062015503875969,0.6666666666666666,0.6842105263157895,0.8571428571428571,0.6753246753246753,0.8603238866396761,175,129,0.48,0.29457364341085274
pima,L4,1044,SVM,0.8285714285714286,0.8292682926829268,0.8095238095238095,0.8461538461538461,0.8192771084337349,0.907705389848247,0.7906976744186046,0.6410256410256411,0.6578947368421053,0.8461538461538461,0.6493506493506493,0.85641989589358,175,129,0.48,0.29457364341085274
pima,L4,1044,XGBoost,0.8171428571428572,0.8333333333333334,0.7738095238095238,0.8571428571428571,0.8024691358024691,0.9086865515436944,0.7751937984496124,0.6285714285714286,0.5789473684210527,0.8571428571428571,0.6027397260273972,0.8444187391555813,175,129,0.48,0.29457364341085274
pima,L4,1044,NeuralNetwork,0.8171428571428572,0.825,0.7857142857142857,0.8461538461538461,0.8048780487804879,0.9027995813710099,0.7751937984496124,0.6216216216216216,0.6052631578947368,0.8461538461538461,0.6133333333333333,0.8380566801619433,175,129,0.48,0.29457364341085274
pima,L4,1044,Voting(RF+XGB),0.8342857142857143,0.8481012658227848,0.7976190476190477,0.8681318681318682,0.8220858895705522,0.9181057038199896,0.7984496124031008,0.6666666666666666,0.631578947368421,0.8681318681318682,0.6486486486486487,0.8562753036437247,175,129,0.48,0.29457364341085274
pima,L4,1044,Stacking(RF+XGB->LR),0.84,0.8589743589743589,0.7976190476190477,0.8791208791208791,0.8271604938271605,0.9203296703296703,0.8062015503875969,0.6857142857142857,0.631578947368421,0.8791208791208791,0.6575342465753424,0.8588779641411219,175,129,0.48,0.29457364341085274
pima,L4,1045,LogisticRegression,0.7657142857142857,0.8028169014084507,0.6785714285714286,0.8461538461538461,0.7354838709677419,0.8503401360544218,0.7910447761194029,0.6744186046511628,0.6744186046511628,0.8461538461538461,0.6744186046511628,0.8379759775108613,175,134,0.48,0.3208955223880597
pima,L4,1045,DecisionTree,0.8,0.810126582278481,0.7619047619047619,0.8351648351648352,0.7852760736196319,0.8536106750392464,0.7835820895522388,0.6590909090909091,0.6744186046511628,0.8351648351648352,0.6666666666666666,0.8174035267058523,175,134,0.48,0.3208955223880597
pima,L4,1045,RandomForest,0.8285714285714286,0.8,0.8571428571428571,0.8021978021978022,0.8275862068965517,0.9166666666666666,0.7835820895522388,0.64,0.7441860465116279,0.8021978021978022,0.6881720430107527,0.8635318170201891,175,134,0.48,0.3208955223880597
pima,L4,1045,SVM,0.7714285714285715,0.7444444444444445,0.7976190476190477,0.7472527472527473,0.7701149425287356,0.8819989534275249,0.7313432835820896,0.5660377358490566,0.6976744186046512,0.7472527472527473,0.625,0.8448760541783797,175,134,0.48,0.3208955223880597
pima,L4,1045,XGBoost,0.8285714285714286,0.8068181818181818,0.8452380952380952,0.8131868131868132,0.8255813953488372,0.9097331240188383,0.7910447761194029,0.6530612244897959,0.7441860465116279,0.8131868131868132,0.6956521739130435,0.8545872731919243,175,134,0.48,0.3208955223880597
pima,L4,1045,NeuralNetwork,0.8057142857142857,0.7840909090909091,0.8214285714285714,0.7912087912087912,0.8023255813953488,0.8967817896389325,0.7686567164179104,0.62,0.7209302325581395,0.7912087912087912,0.6666666666666666,0.8599539994888832,175,134,0.48,0.3208955223880597
pima,L4,1045,Voting(RF+XGB),0.8228571428571428,0.797752808988764,0.8452380952380952,0.8021978021978022,0.8208092485549133,0.9169283097854526,0.7761194029850746,0.6326530612244898,0.7209302325581395,0.8021978021978022,0.6739130434782609,0.8630207002300025,175,134,0.48,0.3208955223880597
pima,L4,1045,Stacking(RF+XGB->LR),0.84,0.8255813953488372,0.8452380952380952,0.8351648351648352,0.8352941176470589,0.9183673469387755,0.8059701492537313,0.6808510638297872,0.7441860465116279,0.8351648351648352,0.7111111111111111,0.8660874009711219,175,134,0.48,0.3208955223880597
pima,L4,1046,LogisticRegression,0.7428571428571429,0.7407407407407407,0.7142857142857143,0.7692307692307693,0.7272727272727273,0.8194662480376766,0.7372262773722628,0.5961538461538461,0.6739130434782609,0.7692307692307693,0.6326530612244898,0.7864309603440038,175,137,0.48,0.3357664233576642
pima,L4,1046,DecisionTree,0.72,0.6842105263157895,0.7738095238095238,0.6703296703296703,0.7262569832402235,0.77145473574045,0.6788321167883211,0.5161290322580645,0.6956521739130435,0.6703296703296703,0.5925925925925926,0.7489249880554227,175,137,0.48,0.3357664233576642
pima,L4,1046,RandomForest,0.7542857142857143,0.7303370786516854,0.7738095238095238,0.7362637362637363,0.7514450867052023,0.8667582417582417,0.7226277372262774,0.5714285714285714,0.6956521739130435,0.7362637362637363,0.6274509803921569,0.8233397037744864,175,137,0.48,0.3357664233576642
pima,L4,1046,SVM,0.7714285714285715,0.7444444444444445,0.7976190476190477,0.7472527472527473,0.7701149425287356,0.8321559392987965,0.7445255474452555,0.5964912280701754,0.7391304347826086,0.7472527472527473,0.6601941747572816,0.7988533205924511,175,137,0.48,0.3357664233576642
pima,L4,1046,XGBoost,0.7428571428571429,0.7191011235955056,0.7619047619047619,0.7252747252747253,0.7398843930635838,0.8530873888016745,0.7007299270072993,0.5454545454545454,0.6521739130434783,0.7252747252747253,0.594059405940594,0.800764452938366,175,137,0.48,0.3357664233576642
pima,L4,1046,NeuralNetwork,0.7885714285714286,0.7701149425287356,0.7976190476190477,0.7802197802197802,0.783625730994152,0.8559654631083202,0.7591240875912408,0.6226415094339622,0.717391304347826,0.7802197802197802,0.6666666666666666,0.8136645962732918,175,137,0.48,0.3357664233576642
pima,L4,1046,Voting(RF+XGB),0.7485714285714286,0.717391304347826,0.7857142857142857,0.7142857142857143,0.75,0.8618524332810046,0.708029197080292,0.5517241379310345,0.6956521739130435,0.7142857142857143,0.6153846153846154,0.8098423315814619,175,137,0.48,0.3357664233576642
pima,L4,1046,Stacking(RF+XGB->LR),0.7542857142857143,0.7411764705882353,0.75,0.7582417582417582,0.7455621301775148,0.8644688644688645,0.7226277372262774,0.5769230769230769,0.6521739130434783,0.7582417582417582,0.6122448979591837,0.8155757286192069,175,137,0.48,0.3357664233576642
pima,L4,1047,LogisticRegression,0.7371428571428571,0.7317073170731707,0.7142857142857143,0.7582417582417582,0.7228915662650602,0.8390894819466248,0.7424242424242424,0.5686274509803921,0.7073170731707317,0.7582417582417582,0.6304347826086957,0.8155990351112303,175,132,0.48,0.3106060606060606
pima,L4,1047,DecisionTree,0.7942857142857143,0.7666666666666667,0.8214285714285714,0.7692307692307693,0.7931034482758621,0.8362768184196756,0.7575757575757576,0.5882352941176471,0.7317073170731707,0.7692307692307693,0.6521739130434783,0.7874564459930313,175,132,0.48,0.3106060606060606
pima,L4,1047,RandomForest,0.8171428571428572,0.782608695652174,0.8571428571428571,0.7802197802197802,0.8181818181818182,0.8851386708529565,0.7803030303030303,0.6153846153846154,0.7804878048780488,0.7802197802197802,0.6881720430107527,0.832216563923881,175,132,0.48,0.3106060606060606
pima,L4,1047,SVM,0.8057142857142857,0.7840909090909091,0.8214285714285714,0.7912087912087912,0.8023255813953488,0.8553113553113554,0.7803030303030303,0.62,0.7560975609756098,0.7912087912087912,0.6813186813186813,0.8201554543017958,175,132,0.48,0.3106060606060606
pima,L4,1047,XGBoost,0.8114285714285714,0.7684210526315789,0.8690476190476191,0.7582417582417582,0.8156424581005587,0.8721873364730508,0.7651515151515151,0.5925925925925926,0.7804878048780488,0.7582417582417582,0.6736842105263158,0.82122755293487,175,132,0.48,0.3106060606060606
pima,L4,1047,NeuralNetwork,0.7942857142857143,0.7608695652173914,0.8333333333333334,0.7582417582417582,0.7954545454545454,0.8502093144950288,0.7803030303030303,0.6071428571428571,0.8292682926829268,0.7582417582417582,0.7010309278350515,0.8209595282766015,175,132,0.48,0.3106060606060606
pima,L4,1047,Voting(RF+XGB),0.8228571428571428,0.7849462365591398,0.8690476190476191,0.7802197802197802,0.8248587570621468,0.8825222396650968,0.7803030303030303,0.6153846153846154,0.7804878048780488,0.7802197802197802,0.6881720430107527,0.8311444652908068,175,132,0.48,0.3106060606060606
pima,L4,1047,Stacking(RF+XGB->LR),0.8342857142857143,0.8089887640449438,0.8571428571428571,0.8131868131868132,0.8323699421965318,0.8850078492935636,0.803030303030303,0.6530612244897959,0.7804878048780488,0.8131868131868132,0.7111111111111111,0.8346287858482981,175,132,0.48,0.3106060606060606
pima,L4,1048,LogisticRegression,0.7257142857142858,0.78125,0.5952380952380952,0.8461538461538461,0.6756756756756757,0.8418367346938775,0.7364341085271318,0.5625,0.47368421052631576,0.8461538461538461,0.5142857142857142,0.8114517061885482,175,129,0.48,0.29457364341085274
pima,L4,1048,DecisionTree,0.7485714285714286,0.7439024390243902,0.7261904761904762,0.7692307692307693,0.7349397590361446,0.8061224489795917,0.7209302325581395,0.5227272727272727,0.6052631578947368,0.7692307692307693,0.5609756097560976,0.758530942741469,175,129,0.48,0.29457364341085274
pima,L4,1048,RandomForest,0.84,0.8414634146341463,0.8214285714285714,0.8571428571428571,0.8313253012048193,0.9211145996860283,0.7984496124031008,0.6578947368421053,0.6578947368421053,0.8571428571428571,0.6578947368421053,0.86524002313476,175,129,0.48,0.29457364341085274
pima,L4,1048,SVM,0.8114285714285714,0.8227848101265823,0.7738095238095238,0.8461538461538461,0.7975460122699386,0.8852694924123496,0.7984496124031008,0.65,0.6842105263157895,0.8461538461538461,0.6666666666666666,0.8571428571428572,175,129,0.48,0.29457364341085274
pima,L4,1048,XGBoost,0.8571428571428571,0.8734177215189873,0.8214285714285714,0.8901098901098901,0.8466257668711656,0.9160125588697017,0.8372093023255814,0.7297297297297297,0.7105263157894737,0.8901098901098901,0.72,0.863504916136495,175,129,0.48,0.29457364341085274
pima,L4,1048,NeuralNetwork,0.8285714285714286,0.8648648648648649,0.7619047619047619,0.8901098901098901,0.810126582278481,0.890240711669283,0.813953488372093,0.7058823529411765,0.631578947368421,0.8901098901098901,0.6666666666666666,0.8458646616541353,175,129,0.48,0.29457364341085274
pima,L4,1048,Voting(RF+XGB),0.8628571428571429,0.875,0.8333333333333334,0.8901098901098901,0.8536585365853658,0.9264782836211408,0.8372093023255814,0.7297297297297297,0.7105263157894737,0.8901098901098901,0.72,0.8742047426257953,175,129,0.48,0.29457364341085274
pima,L4,1048,Stacking(RF+XGB->LR),0.8571428571428571,0.8641975308641975,0.8333333333333334,0.8791208791208791,0.8484848484848485,0.9245159602302458,0.8217054263565892,0.7027027027027027,0.6842105263157895,0.8791208791208791,0.6933333333333334,0.8716020821283978,175,129,0.48,0.29457364341085274
pima,L4,1049,LogisticRegression,0.7485714285714286,0.7631578947368421,0.6904761904761905,0.8021978021978022,0.725,0.8158032443746729,0.7659574468085106,0.660377358490566,0.7,0.8021978021978022,0.6796116504854369,0.7967032967032966,175,141,0.48,0.3546099290780142
pima,L4,1049,DecisionTree,0.6971428571428572,0.7066666666666667,0.6309523809523809,0.7582417582417582,0.6666666666666666,0.7679879644165358,0.7304964539007093,0.6071428571428571,0.68,0.7582417582417582,0.6415094339622641,0.7883516483516484,175,141,0.48,0.3546099290780142
pima,L4,1049,RandomForest,0.84,0.8181818181818182,0.8571428571428571,0.8241758241758241,0.8372093023255814,0.8831763474620618,0.8297872340425532,0.7241379310344828,0.84,0.8241758241758241,0.7777777777777778,0.8670329670329671,175,141,0.48,0.3546099290780142
pima,L4,1049,SVM,0.7885714285714286,0.7901234567901234,0.7619047619047619,0.8131868131868132,0.7757575757575758,0.8428833071690215,0.7872340425531915,0.6851851851851852,0.74,0.8131868131868132,0.7115384615384616,0.8323076923076923,175,141,0.48,0.3546099290780142
pima,L4,1049,XGBoost,0.7828571428571428,0.7674418604651163,0.7857142857142857,0.7802197802197802,0.7764705882352941,0.8645996860282574,0.7730496453900709,0.6551724137931034,0.76,0.7802197802197802,0.7037037037037037,0.849010989010989,175,141,0.48,0.3546099290780142
pima,L4,1049,NeuralNetwork,0.7885714285714286,0.7764705882352941,0.7857142857142857,0.7912087912087912,0.7810650887573964,0.8464154892726321,0.7659574468085106,0.6545454545454545,0.72,0.7912087912087912,0.6857142857142857,0.8160439560439561,175,141,0.48,0.3546099290780142
pima,L4,1049,Voting(RF+XGB),0.8057142857142857,0.7906976744186046,0.8095238095238095,0.8021978021978022,0.8,0.8750654107796965,0.8014184397163121,0.6896551724137931,0.8,0.8021978021978022,0.7407407407407407,0.8591208791208792,175,141,0.48,0.3546099290780142
pima,L4,1049,Stacking(RF+XGB->LR),0.8057142857142857,0.8048780487804879,0.7857142857142857,0.8241758241758241,0.7951807228915663,0.8779434850863422,0.8014184397163121,0.7037037037037037,0.76,0.8241758241758241,0.7307692307692307,0.8613186813186813,175,141,0.48,0.3546099290780142
